[2026-09-21 16:25:43] local.ERROR: Target [App\Services\Ivr\IvrGateway] is not instantiable while building [App\Console\Commands\ProcessDueIvrCalls, App\Jobs\SendIvrCallJob]. {"exception":"[object] (Illuminate\\Contracts\\Container\\BindingResolutionException(code: 0): Target [App\\Services\\Ivr\\IvrGateway] is not instantiable while building [App\\Console\\Commands\\ProcessDueIvrCalls, App\\Jobs\\SendIvrCallJob]. at /var/www/html/vendor/laravel/framework/src/Illuminate/Container/Container.php:1216)
[stacktrace]
#0 /var/www/html/vendor/laravel/framework/src/Illuminate/Container/Container.php(968): Illuminate\\Container\\Container->notInstantiable('App\\\\Services\\\\Iv...')
#1 /var/www/html/vendor/laravel/framework/src/Illuminate/Container/Container.php(832): Illuminate\\Container\\Container->build('App\\\\Services\\\\Iv...')
#2 /var/www/html/vendor/laravel/framework/src/Illuminate/Foundation/Application.php(1078): Illuminate\\Container\\Container->resolve('App\\\\Services\\\\Iv...', Array, true)
#3 /var/www/html/vendor/laravel/framework/src/Illuminate/Container/Container.php(763): Illuminate\\Foundation\\Application->resolve('App\\\\Services\\\\Iv...', Array)
#4 /var/www/html/vendor/laravel/framework/src/Illuminate/Foundation/Application.php(1058): Illuminate\\Container\\Container->make('App\\\\Services\\\\Iv...', Array)
#5 /var/www/html/vendor/laravel/framework/src/Illuminate/Container/BoundMethod.php(190): Illuminate\\Foundation\\Application->make('App\\\\Services\\\\Iv...')
#6 /var/www/html/vendor/laravel/framework/src/Illuminate/Container/BoundMethod.php(126): Illuminate\\Container\\BoundMethod::addDependencyForCallParameter(Object(Illuminate\\Foundation\\Application), Object(ReflectionParameter), Array, Array)
#7 /var/www/html/vendor/laravel/framework/src/Illuminate/Container/BoundMethod.php(36): Illuminate\\Container\\BoundMethod::getMethodDependencies(Object(Illuminate\\Foundation\\Application), Array, Array)
#8 /var/www/html/vendor/laravel/framework/src/Illuminate/Container/Util.php(43): Illuminate\\Container\\BoundMethod::Illuminate\\Container\\{closure}()
#9 /var/www/html/vendor/laravel/framework/src/Illuminate/Container/BoundMethod.php(95): Illuminate\\Container\\Util::unwrapIfClosure(Object(Closure))
#10 /var/www/html/vendor/laravel/framework/src/Illuminate/Container/BoundMethod.php(35): Illuminate\\Container\\BoundMethod::callBoundMethod(Object(Illuminate\\Foundation\\Application), Array, Object(Closure))
#11 /var/www/html/vendor/laravel/framework/src/Illuminate/Container/Container.php(696): Illuminate\\Container\\BoundMethod::call(Object(Illuminate\\Foundation\\Application), Array, Array, NULL)
#12 /var/www/html/vendor/laravel/framework/src/Illuminate/Bus/Dispatcher.php(126): Illuminate\\Container\\Container->call(Array)
#13 /var/www/html/vendor/laravel/framework/src/Illuminate/Pipeline/Pipeline.php(170): Illuminate\\Bus\\Dispatcher->Illuminate\\Bus\\{closure}(Object(App\\Jobs\\SendIvrCallJob))
#14 /var/www/html/vendor/laravel/framework/src/Illuminate/Pipeline/Pipeline.php(127): Illuminate\\Pipeline\\Pipeline->Illuminate\\Pipeline\\{closure}(Object(App\\Jobs\\SendIvrCallJob))
#15 /var/www/html/vendor/laravel/framework/src/Illuminate/Bus/Dispatcher.php(130): Illuminate\\Pipeline\\Pipeline->then(Object(Closure))
#16 /var/www/html/vendor/laravel/framework/src/Illuminate/Queue/CallQueuedHandler.php(126): Illuminate\\Bus\\Dispatcher->dispatchNow(Object(App\\Jobs\\SendIvrCallJob), false)
#17 /var/www/html/vendor/laravel/framework/src/Illuminate/Pipeline/Pipeline.php(170): Illuminate\\Queue\\CallQueuedHandler->Illuminate\\Queue\\{closure}(Object(App\\Jobs\\SendIvrCallJob))
#18 /var/www/html/vendor/laravel/framework/src/Illuminate/Pipeline/Pipeline.php(127): Illuminate\\Pipeline\\Pipeline->Illuminate\\Pipeline\\{closure}(Object(App\\Jobs\\SendIvrCallJob))
#19 /var/www/html/vendor/laravel/framework/src/Illuminate/Queue/CallQueuedHandler.php(121): Illuminate\\Pipeline\\Pipeline->then(Object(Closure))
#20 /var/www/html/vendor/laravel/framework/src/Illuminate/Queue/CallQueuedHandler.php(69): Illuminate\\Queue\\CallQueuedHandler->dispatchThroughMiddleware(Object(Illuminate\\Queue\\Jobs\\SyncJob), Object(App\\Jobs\\SendIvrCallJob))
#21 /var/www/html/vendor/laravel/framework/src/Illuminate/Queue/Jobs/Job.php(102): Illuminate\\Queue\\CallQueuedHandler->call(Object(Illuminate\\Queue\\Jobs\\SyncJob), Array)
#22 /var/www/html/vendor/laravel/framework/src/Illuminate/Queue/SyncQueue.php(76): Illuminate\\Queue\\Jobs\\Job->fire()
#23 /var/www/html/vendor/laravel/framework/src/Illuminate/Queue/SyncQueue.php(56): Illuminate\\Queue\\SyncQueue->executeJob(Object(App\\Jobs\\SendIvrCallJob), '', NULL)
#24 /var/www/html/vendor/laravel/framework/src/Illuminate/Bus/Dispatcher.php(244): Illuminate\\Queue\\SyncQueue->push(Object(App\\Jobs\\SendIvrCallJob), '', NULL)
#25 /var/www/html/vendor/laravel/framework/src/Illuminate/Bus/Dispatcher.php(228): Illuminate\\Bus\\Dispatcher->pushCommandToQueue(Object(Illuminate\\Queue\\SyncQueue), Object(App\\Jobs\\SendIvrCallJob))
#26 /var/www/html/vendor/laravel/framework/src/Illuminate/Bus/Dispatcher.php(77): Illuminate\\Bus\\Dispatcher->dispatchToQueue(Object(App\\Jobs\\SendIvrCallJob))
#27 /var/www/html/vendor/laravel/framework/src/Illuminate/Foundation/Bus/PendingDispatch.php(222): Illuminate\\Bus\\Dispatcher->dispatch(Object(App\\Jobs\\SendIvrCallJob))
#28 /var/www/html/vendor/laravel/framework/src/Illuminate/Foundation/Bus/Dispatchable.php(19): Illuminate\\Foundation\\Bus\\PendingDispatch->__destruct()
#29 /var/www/html/app/Console/Commands/ProcessDueIvrCalls.php(34): App\\Jobs\\SendIvrCallJob::dispatch(Object(App\\Models\\IvrCall))
#30 /var/www/html/vendor/laravel/framework/src/Illuminate/Container/BoundMethod.php(36): App\\Console\\Commands\\ProcessDueIvrCalls->handle()
#31 /var/www/html/vendor/laravel/framework/src/Illuminate/Container/Util.php(43): Illuminate\\Container\\BoundMethod::Illuminate\\Container\\{closure}()
#32 /var/www/html/vendor/laravel/framework/src/Illuminate/Container/BoundMethod.php(95): Illuminate\\Container\\Util::unwrapIfClosure(Object(Closure))
#33 /var/www/html/vendor/laravel/framework/src/Illuminate/Container/BoundMethod.php(35): Illuminate\\Container\\BoundMethod::callBoundMethod(Object(Illuminate\\Foundation\\Application), Array, Object(Closure))
#34 /var/www/html/vendor/laravel/framework/src/Illuminate/Container/Container.php(696): Illuminate\\Container\\BoundMethod::call(Object(Illuminate\\Foundation\\Application), Array, Array, NULL)
#35 /var/www/html/vendor/laravel/framework/src/Illuminate/Console/Command.php(213): Illuminate\\Container\\Container->call(Array)
#36 /var/www/html/vendor/symfony/console/Command/Command.php(341): Illuminate\\Console\\Command->execute(Object(Symfony\\Component\\Console\\Input\\ArgvInput), Object(Illuminate\\Console\\OutputStyle))
#37 /var/www/html/vendor/laravel/framework/src/Illuminate/Console/Command.php(182): Symfony\\Component\\Console\\Command\\Command->run(Object(Symfony\\Component\\Console\\Input\\ArgvInput), Object(Illuminate\\Console\\OutputStyle))
#38 /var/www/html/vendor/symfony/console/Application.php(1117): Illuminate\\Console\\Command->run(Object(Symfony\\Component\\Console\\Input\\ArgvInput), Object(Symfony\\Component\\Console\\Output\\ConsoleOutput))
#39 /var/www/html/vendor/symfony/console/Application.php(356): Symfony\\Component\\Console\\Application->doRunCommand(Object(App\\Console\\Commands\\ProcessDueIvrCalls), Object(Symfony\\Component\\Console\\Input\\ArgvInput), Object(Symfony\\Component\\Console\\Output\\ConsoleOutput))
#40 /var/www/html/vendor/symfony/console/Application.php(195): Symfony\\Component\\Console\\Application->doRun(Object(Symfony\\Component\\Console\\Input\\ArgvInput), Object(Symfony\\Component\\Console\\Output\\ConsoleOutput))
#41 /var/www/html/vendor/laravel/framework/src/Illuminate/Foundation/Console/Kernel.php(198): Symfony\\Component\\Console\\Application->run(Object(Symfony\\Component\\Console\\Input\\ArgvInput), Object(Symfony\\Component\\Console\\Output\\ConsoleOutput))
#42 /var/www/html/vendor/laravel/framework/src/Illuminate/Foundation/Application.php(1235): Illuminate\\Foundation\\Console\\Kernel->handle(Object(Symfony\\Component\\Console\\Input\\ArgvInput), Object(Symfony\\Component\\Console\\Output\\ConsoleOutput))
#43 /var/www/html/artisan(13): Illuminate\\Foundation\\Application->handleCommand(Object(Symfony\\Component\\Console\\Input\\ArgvInput))
#44 {main}
"} 
[2026-09-21 16:30:46] local.ERROR: Target [App\Services\Ivr\IvrGateway] is not instantiable while building [App\Console\Commands\ProcessDueIvrCalls, App\Jobs\SendIvrCallJob]. {"exception":"[object] (Illuminate\\Contracts\\Container\\BindingResolutionException(code: 0): Target [App\\Services\\Ivr\\IvrGateway] is not instantiable while building [App\\Console\\Commands\\ProcessDueIvrCalls, App\\Jobs\\SendIvrCallJob]. at /var/www/html/vendor/laravel/framework/src/Illuminate/Container/Container.php:1216)
[stacktrace]
#0 /var/www/html/vendor/laravel/framework/src/Illuminate/Container/Container.php(968): Illuminate\\Container\\Container->notInstantiable('App\\\\Services\\\\Iv...')
#1 /var/www/html/vendor/laravel/framework/src/Illuminate/Container/Container.php(832): Illuminate\\Container\\Container->build('App\\\\Services\\\\Iv...')
#2 /var/www/html/vendor/laravel/framework/src/Illuminate/Foundation/Application.php(1078): Illuminate\\Container\\Container->resolve('App\\\\Services\\\\Iv...', Array, true)
#3 /var/www/html/vendor/laravel/framework/src/Illuminate/Container/Container.php(763): Illuminate\\Foundation\\Application->resolve('App\\\\Services\\\\Iv...', Array)
#4 /var/www/html/vendor/laravel/framework/src/Illuminate/Foundation/Application.php(1058): Illuminate\\Container\\Container->make('App\\\\Services\\\\Iv...', Array)
#5 /var/www/html/vendor/laravel/framework/src/Illuminate/Container/BoundMethod.php(190): Illuminate\\Foundation\\Application->make('App\\\\Services\\\\Iv...')
#6 /var/www/html/vendor/laravel/framework/src/Illuminate/Container/BoundMethod.php(126): Illuminate\\Container\\BoundMethod::addDependencyForCallParameter(Object(Illuminate\\Foundation\\Application), Object(ReflectionParameter), Array, Array)
#7 /var/www/html/vendor/laravel/framework/src/Illuminate/Container/BoundMethod.php(36): Illuminate\\Container\\BoundMethod::getMethodDependencies(Object(Illuminate\\Foundation\\Application), Array, Array)
#8 /var/www/html/vendor/laravel/framework/src/Illuminate/Container/Util.php(43): Illuminate\\Container\\BoundMethod::Illuminate\\Container\\{closure}()
#9 /var/www/html/vendor/laravel/framework/src/Illuminate/Container/BoundMethod.php(95): Illuminate\\Container\\Util::unwrapIfClosure(Object(Closure))
#10 /var/www/html/vendor/laravel/framework/src/Illuminate/Container/BoundMethod.php(35): Illuminate\\Container\\BoundMethod::callBoundMethod(Object(Illuminate\\Foundation\\Application), Array, Object(Closure))
#11 /var/www/html/vendor/laravel/framework/src/Illuminate/Container/Container.php(696): Illuminate\\Container\\BoundMethod::call(Object(Illuminate\\Foundation\\Application), Array, Array, NULL)
#12 /var/www/html/vendor/laravel/framework/src/Illuminate/Bus/Dispatcher.php(126): Illuminate\\Container\\Container->call(Array)
#13 /var/www/html/vendor/laravel/framework/src/Illuminate/Pipeline/Pipeline.php(170): Illuminate\\Bus\\Dispatcher->Illuminate\\Bus\\{closure}(Object(App\\Jobs\\SendIvrCallJob))
#14 /var/www/html/vendor/laravel/framework/src/Illuminate/Pipeline/Pipeline.php(127): Illuminate\\Pipeline\\Pipeline->Illuminate\\Pipeline\\{closure}(Object(App\\Jobs\\SendIvrCallJob))
#15 /var/www/html/vendor/laravel/framework/src/Illuminate/Bus/Dispatcher.php(130): Illuminate\\Pipeline\\Pipeline->then(Object(Closure))
#16 /var/www/html/vendor/laravel/framework/src/Illuminate/Queue/CallQueuedHandler.php(126): Illuminate\\Bus\\Dispatcher->dispatchNow(Object(App\\Jobs\\SendIvrCallJob), false)
#17 /var/www/html/vendor/laravel/framework/src/Illuminate/Pipeline/Pipeline.php(170): Illuminate\\Queue\\CallQueuedHandler->Illuminate\\Queue\\{closure}(Object(App\\Jobs\\SendIvrCallJob))
#18 /var/www/html/vendor/laravel/framework/src/Illuminate/Pipeline/Pipeline.php(127): Illuminate\\Pipeline\\Pipeline->Illuminate\\Pipeline\\{closure}(Object(App\\Jobs\\SendIvrCallJob))
#19 /var/www/html/vendor/laravel/framework/src/Illuminate/Queue/CallQueuedHandler.php(121): Illuminate\\Pipeline\\Pipeline->then(Object(Closure))
#20 /var/www/html/vendor/laravel/framework/src/Illuminate/Queue/CallQueuedHandler.php(69): Illuminate\\Queue\\CallQueuedHandler->dispatchThroughMiddleware(Object(Illuminate\\Queue\\Jobs\\SyncJob), Object(App\\Jobs\\SendIvrCallJob))
#21 /var/www/html/vendor/laravel/framework/src/Illuminate/Queue/Jobs/Job.php(102): Illuminate\\Queue\\CallQueuedHandler->call(Object(Illuminate\\Queue\\Jobs\\SyncJob), Array)
#22 /var/www/html/vendor/laravel/framework/src/Illuminate/Queue/SyncQueue.php(76): Illuminate\\Queue\\Jobs\\Job->fire()
#23 /var/www/html/vendor/laravel/framework/src/Illuminate/Queue/SyncQueue.php(56): Illuminate\\Queue\\SyncQueue->executeJob(Object(App\\Jobs\\SendIvrCallJob), '', NULL)
#24 /var/www/html/vendor/laravel/framework/src/Illuminate/Bus/Dispatcher.php(244): Illuminate\\Queue\\SyncQueue->push(Object(App\\Jobs\\SendIvrCallJob), '', NULL)
#25 /var/www/html/vendor/laravel/framework/src/Illuminate/Bus/Dispatcher.php(228): Illuminate\\Bus\\Dispatcher->pushCommandToQueue(Object(Illuminate\\Queue\\SyncQueue), Object(App\\Jobs\\SendIvrCallJob))
#26 /var/www/html/vendor/laravel/framework/src/Illuminate/Bus/Dispatcher.php(77): Illuminate\\Bus\\Dispatcher->dispatchToQueue(Object(App\\Jobs\\SendIvrCallJob))
#27 /var/www/html/vendor/laravel/framework/src/Illuminate/Foundation/Bus/PendingDispatch.php(222): Illuminate\\Bus\\Dispatcher->dispatch(Object(App\\Jobs\\SendIvrCallJob))
#28 /var/www/html/vendor/laravel/framework/src/Illuminate/Foundation/Bus/Dispatchable.php(19): Illuminate\\Foundation\\Bus\\PendingDispatch->__destruct()
#29 /var/www/html/app/Console/Commands/ProcessDueIvrCalls.php(34): App\\Jobs\\SendIvrCallJob::dispatch(Object(App\\Models\\IvrCall))
#30 /var/www/html/vendor/laravel/framework/src/Illuminate/Container/BoundMethod.php(36): App\\Console\\Commands\\ProcessDueIvrCalls->handle()
#31 /var/www/html/vendor/laravel/framework/src/Illuminate/Container/Util.php(43): Illuminate\\Container\\BoundMethod::Illuminate\\Container\\{closure}()
#32 /var/www/html/vendor/laravel/framework/src/Illuminate/Container/BoundMethod.php(95): Illuminate\\Container\\Util::unwrapIfClosure(Object(Closure))
#33 /var/www/html/vendor/laravel/framework/src/Illuminate/Container/BoundMethod.php(35): Illuminate\\Container\\BoundMethod::callBoundMethod(Object(Illuminate\\Foundation\\Application), Array, Object(Closure))
#34 /var/www/html/vendor/laravel/framework/src/Illuminate/Container/Container.php(696): Illuminate\\Container\\BoundMethod::call(Object(Illuminate\\Foundation\\Application), Array, Array, NULL)
#35 /var/www/html/vendor/laravel/framework/src/Illuminate/Console/Command.php(213): Illuminate\\Container\\Container->call(Array)
#36 /var/www/html/vendor/symfony/console/Command/Command.php(341): Illuminate\\Console\\Command->execute(Object(Symfony\\Component\\Console\\Input\\ArgvInput), Object(Illuminate\\Console\\OutputStyle))
#37 /var/www/html/vendor/laravel/framework/src/Illuminate/Console/Command.php(182): Symfony\\Component\\Console\\Command\\Command->run(Object(Symfony\\Component\\Console\\Input\\ArgvInput), Object(Illuminate\\Console\\OutputStyle))
#38 /var/www/html/vendor/symfony/console/Application.php(1117): Illuminate\\Console\\Command->run(Object(Symfony\\Component\\Console\\Input\\ArgvInput), Object(Symfony\\Component\\Console\\Output\\ConsoleOutput))
#39 /var/www/html/vendor/symfony/console/Application.php(356): Symfony\\Component\\Console\\Application->doRunCommand(Object(App\\Console\\Commands\\ProcessDueIvrCalls), Object(Symfony\\Component\\Console\\Input\\ArgvInput), Object(Symfony\\Component\\Console\\Output\\ConsoleOutput))
#40 /var/www/html/vendor/symfony/console/Application.php(195): Symfony\\Component\\Console\\Application->doRun(Object(Symfony\\Component\\Console\\Input\\ArgvInput), Object(Symfony\\Component\\Console\\Output\\ConsoleOutput))
#41 /var/www/html/vendor/laravel/framework/src/Illuminate/Foundation/Console/Kernel.php(198): Symfony\\Component\\Console\\Application->run(Object(Symfony\\Component\\Console\\Input\\ArgvInput), Object(Symfony\\Component\\Console\\Output\\ConsoleOutput))
#42 /var/www/html/vendor/laravel/framework/src/Illuminate/Foundation/Application.php(1235): Illuminate\\Foundation\\Console\\Kernel->handle(Object(Symfony\\Component\\Console\\Input\\ArgvInput), Object(Symfony\\Component\\Console\\Output\\ConsoleOutput))
#43 /var/www/html/artisan(13): Illuminate\\Foundation\\Application->handleCommand(Object(Symfony\\Component\\Console\\Input\\ArgvInput))
#44 {main}
"} 
[2026-09-21 16:34:44] local.ERROR: Failed to authenticate on SMTP server with username "your-email@gmail.com" using the following authenticators: "LOGIN", "PLAIN", "XOAUTH2". Authenticator "LOGIN" returned "Expected response code "235" but got code "535", with message "535-5.7.8 Username and Password not accepted. For more information, go to
535 5.7.8  https://support.google.com/mail/?p=BadCredentials 5b1f17b1804b1-49fcd0eab91sm235171615e9.1 - gsmtp".". Authenticator "PLAIN" returned "Expected response code "235" but got code "535", with message "535-5.7.8 Username and Password not accepted. For more information, go to
535 5.7.8  https://support.google.com/mail/?p=BadCredentials 5b1f17b1804b1-49fcd0eab91sm235171615e9.1 - gsmtp".". Authenticator "XOAUTH2" returned "Expected response code "235" but got code "334", with message "334 eyJzdGF0dXMiOiI0MDAiLCJzY2hlbWVzIjoiQmVhcmVyIiwic2NvcGUiOiJodHRwczovL21haWwuZ29vZ2xlLmNvbS8ifQ==".". {"userId":1,"exception":"[object] (Symfony\\Component\\Mailer\\Exception\\TransportException(code: 334): Failed to authenticate on SMTP server with username \"your-email@gmail.com\" using the following authenticators: \"LOGIN\", \"PLAIN\", \"XOAUTH2\". Authenticator \"LOGIN\" returned \"Expected response code \"235\" but got code \"535\", with message \"535-5.7.8 Username and Password not accepted. For more information, go to

535 5.7.8  https://support.google.com/mail/?p=BadCredentials 5b1f17b1804b1-49fcd0eab91sm235171615e9.1 - gsmtp\".\". Authenticator \"PLAIN\" returned \"Expected response code \"235\" but got code \"535\", with message \"535-5.7.8 Username and Password not accepted. For more information, go to

535 5.7.8  https://support.google.com/mail/?p=BadCredentials 5b1f17b1804b1-49fcd0eab91sm235171615e9.1 - gsmtp\".\". Authenticator \"XOAUTH2\" returned \"Expected response code \"235\" but got code \"334\", with message \"334 eyJzdGF0dXMiOiI0MDAiLCJzY2hlbWVzIjoiQmVhcmVyIiwic2NvcGUiOiJodHRwczovL21haWwuZ29vZ2xlLmNvbS8ifQ==\".\". at /var/www/html/vendor/symfony/mailer/Transport/Smtp/EsmtpTransport.php:269)
[stacktrace]
#0 /var/www/html/vendor/symfony/mailer/Transport/Smtp/EsmtpTransport.php(199): Symfony\\Component\\Mailer\\Transport\\Smtp\\EsmtpTransport->handleAuth(Array)
#1 /var/www/html/vendor/symfony/mailer/Transport/Smtp/EsmtpTransport.php(150): Symfony\\Component\\Mailer\\Transport\\Smtp\\EsmtpTransport->doEhloCommand()
#2 /var/www/html/vendor/symfony/mailer/Transport/Smtp/SmtpTransport.php(248): Symfony\\Component\\Mailer\\Transport\\Smtp\\EsmtpTransport->executeCommand('HELO localhost\\r...', Array)
#3 /var/www/html/vendor/symfony/mailer/Transport/Smtp/SmtpTransport.php(274): Symfony\\Component\\Mailer\\Transport\\Smtp\\SmtpTransport->doHeloCommand()
#4 /var/www/html/vendor/symfony/mailer/Transport/Smtp/SmtpTransport.php(204): Symfony\\Component\\Mailer\\Transport\\Smtp\\SmtpTransport->start()
#5 /var/www/html/vendor/symfony/mailer/Transport/AbstractTransport.php(69): Symfony\\Component\\Mailer\\Transport\\Smtp\\SmtpTransport->doSend(Object(Symfony\\Component\\Mailer\\SentMessage))
#6 /var/www/html/vendor/symfony/mailer/Transport/Smtp/SmtpTransport.php(142): Symfony\\Component\\Mailer\\Transport\\AbstractTransport->send(Object(Symfony\\Component\\Mime\\Email), Object(Symfony\\Component\\Mailer\\DelayedEnvelope))
#7 /var/www/html/vendor/laravel/framework/src/Illuminate/Mail/Mailer.php(585): Symfony\\Component\\Mailer\\Transport\\Smtp\\SmtpTransport->send(Object(Symfony\\Component\\Mime\\Email), Object(Symfony\\Component\\Mailer\\DelayedEnvelope))
#8 /var/www/html/vendor/laravel/framework/src/Illuminate/Mail/Mailer.php(332): Illuminate\\Mail\\Mailer->sendSymfonyMessage(Object(Symfony\\Component\\Mime\\Email))
#9 /var/www/html/vendor/laravel/framework/src/Illuminate/Mail/MailManager.php(622): Illuminate\\Mail\\Mailer->send('emails.document...', Array, Object(Closure))
#10 /var/www/html/vendor/laravel/framework/src/Illuminate/Support/Facades/Facade.php(361): Illuminate\\Mail\\MailManager->__call('send', Array)
#11 /var/www/html/app/Http/Controllers/Api/Dashboard/SalesOrderController.php(171): Illuminate\\Support\\Facades\\Facade::__callStatic('send', Array)
#12 /var/www/html/vendor/laravel/framework/src/Illuminate/Routing/ControllerDispatcher.php(47): App\\Http\\Controllers\\Api\\Dashboard\\SalesOrderController->email(Object(Illuminate\\Http\\Request), Object(App\\Models\\SalesOrder), Object(App\\Services\\SimplePdfService))
#13 /var/www/html/vendor/laravel/framework/src/Illuminate/Routing/Route.php(266): Illuminate\\Routing\\ControllerDispatcher->dispatch(Object(Illuminate\\Routing\\Route), Object(App\\Http\\Controllers\\Api\\Dashboard\\SalesOrderController), 'email')
#14 /var/www/html/vendor/laravel/framework/src/Illuminate/Routing/Route.php(212): Illuminate\\Routing\\Route->runController()
#15 /var/www/html/vendor/laravel/framework/src/Illuminate/Routing/Router.php(808): Illuminate\\Routing\\Route->run()
#16 /var/www/html/vendor/laravel/framework/src/Illuminate/Pipeline/Pipeline.php(170): Illuminate\\Routing\\Router->Illuminate\\Routing\\{closure}(Object(Illuminate\\Http\\Request))
#17 /var/www/html/vendor/spatie/laravel-permission/src/Middleware/PermissionMiddleware.php(37): Illuminate\\Pipeline\\Pipeline->Illuminate\\Pipeline\\{closure}(Object(Illuminate\\Http\\Request))
#18 /var/www/html/vendor/laravel/framework/src/Illuminate/Pipeline/Pipeline.php(209): Spatie\\Permission\\Middleware\\PermissionMiddleware->handle(Object(Illuminate\\Http\\Request), Object(Closure), 'orders.manage')
#19 /var/www/html/vendor/spatie/laravel-permission/src/Middleware/PermissionMiddleware.php(37): Illuminate\\Pipeline\\Pipeline->Illuminate\\Pipeline\\{closure}(Object(Illuminate\\Http\\Request))
#20 /var/www/html/vendor/laravel/framework/src/Illuminate/Pipeline/Pipeline.php(209): Spatie\\Permission\\Middleware\\PermissionMiddleware->handle(Object(Illuminate\\Http\\Request), Object(Closure), 'dashboard.view')
#21 /var/www/html/vendor/laravel/framework/src/Illuminate/Routing/Middleware/SubstituteBindings.php(51): Illuminate\\Pipeline\\Pipeline->Illuminate\\Pipeline\\{closure}(Object(Illuminate\\Http\\Request))
#22 /var/www/html/vendor/laravel/framework/src/Illuminate/Pipeline/Pipeline.php(209): Illuminate\\Routing\\Middleware\\SubstituteBindings->handle(Object(Illuminate\\Http\\Request), Object(Closure))
#23 /var/www/html/vendor/laravel/framework/src/Illuminate/Auth/Middleware/Authenticate.php(64): Illuminate\\Pipeline\\Pipeline->Illuminate\\Pipeline\\{closure}(Object(Illuminate\\Http\\Request))
#24 /var/www/html/vendor/laravel/framework/src/Illuminate/Pipeline/Pipeline.php(209): Illuminate\\Auth\\Middleware\\Authenticate->handle(Object(Illuminate\\Http\\Request), Object(Closure), 'sanctum')
#25 /var/www/html/vendor/laravel/framework/src/Illuminate/Pipeline/Pipeline.php(127): Illuminate\\Pipeline\\Pipeline->Illuminate\\Pipeline\\{closure}(Object(Illuminate\\Http\\Request))
#26 /var/www/html/vendor/laravel/framework/src/Illuminate/Routing/Router.php(807): Illuminate\\Pipeline\\Pipeline->then(Object(Closure))
#27 /var/www/html/vendor/laravel/framework/src/Illuminate/Routing/Router.php(786): Illuminate\\Routing\\Router->runRouteWithinStack(Object(Illuminate\\Routing\\Route), Object(Illuminate\\Http\\Request))
#28 /var/www/html/vendor/laravel/framework/src/Illuminate/Routing/Router.php(750): Illuminate\\Routing\\Router->runRoute(Object(Illuminate\\Http\\Request), Object(Illuminate\\Routing\\Route))
#29 /var/www/html/vendor/laravel/framework/src/Illuminate/Routing/Router.php(739): Illuminate\\Routing\\Router->dispatchToRoute(Object(Illuminate\\Http\\Request))
#30 /var/www/html/vendor/laravel/framework/src/Illuminate/Foundation/Http/Kernel.php(201): Illuminate\\Routing\\Router->dispatch(Object(Illuminate\\Http\\Request))
#31 /var/www/html/vendor/laravel/framework/src/Illuminate/Pipeline/Pipeline.php(170): Illuminate\\Foundation\\Http\\Kernel->Illuminate\\Foundation\\Http\\{closure}(Object(Illuminate\\Http\\Request))
#32 /var/www/html/vendor/laravel/framework/src/Illuminate/Foundation/Http/Middleware/TransformsRequest.php(21): Illuminate\\Pipeline\\Pipeline->Illuminate\\Pipeline\\{closure}(Object(Illuminate\\Http\\Request))
#33 /var/www/html/vendor/laravel/framework/src/Illuminate/Foundation/Http/Middleware/ConvertEmptyStringsToNull.php(31): Illuminate\\Foundation\\Http\\Middleware\\TransformsRequest->handle(Object(Illuminate\\Http\\Request), Object(Closure))
#34 /var/www/html/vendor/laravel/framework/src/Illuminate/Pipeline/Pipeline.php(209): Illuminate\\Foundation\\Http\\Middleware\\ConvertEmptyStringsToNull->handle(Object(Illuminate\\Http\\Request), Object(Closure))
#35 /var/www/html/vendor/laravel/framework/src/Illuminate/Foundation/Http/Middleware/TransformsRequest.php(21): Illuminate\\Pipeline\\Pipeline->Illuminate\\Pipeline\\{closure}(Object(Illuminate\\Http\\Request))
#36 /var/www/html/vendor/laravel/framework/src/Illuminate/Foundation/Http/Middleware/TrimStrings.php(51): Illuminate\\Foundation\\Http\\Middleware\\TransformsRequest->handle(Object(Illuminate\\Http\\Request), Object(Closure))
#37 /var/www/html/vendor/laravel/framework/src/Illuminate/Pipeline/Pipeline.php(209): Illuminate\\Foundation\\Http\\Middleware\\TrimStrings->handle(Object(Illuminate\\Http\\Request), Object(Closure))
#38 /var/www/html/vendor/laravel/framework/src/Illuminate/Http/Middleware/ValidatePostSize.php(27): Illuminate\\Pipeline\\Pipeline->Illuminate\\Pipeline\\{closure}(Object(Illuminate\\Http\\Request))
#39 /var/www/html/vendor/laravel/framework/src/Illuminate/Pipeline/Pipeline.php(209): Illuminate\\Http\\Middleware\\ValidatePostSize->handle(Object(Illuminate\\Http\\Request), Object(Closure))
#40 /var/www/html/vendor/laravel/framework/src/Illuminate/Foundation/Http/Middleware/PreventRequestsDuringMaintenance.php(110): Illuminate\\Pipeline\\Pipeline->Illuminate\\Pipeline\\{closure}(Object(Illuminate\\Http\\Request))
#41 /var/www/html/vendor/laravel/framework/src/Illuminate/Pipeline/Pipeline.php(209): Illuminate\\Foundation\\Http\\Middleware\\PreventRequestsDuringMaintenance->handle(Object(Illuminate\\Http\\Request), Object(Closure))
#42 /var/www/html/vendor/laravel/framework/src/Illuminate/Http/Middleware/HandleCors.php(62): Illuminate\\Pipeline\\Pipeline->Illuminate\\Pipeline\\{closure}(Object(Illuminate\\Http\\Request))
#43 /var/www/html/vendor/laravel/framework/src/Illuminate/Pipeline/Pipeline.php(209): Illuminate\\Http\\Middleware\\HandleCors->handle(Object(Illuminate\\Http\\Request), Object(Closure))
#44 /var/www/html/vendor/laravel/framework/src/Illuminate/Http/Middleware/TrustProxies.php(58): Illuminate\\Pipeline\\Pipeline->Illuminate\\Pipeline\\{closure}(Object(Illuminate\\Http\\Request))
#45 /var/www/html/vendor/laravel/framework/src/Illuminate/Pipeline/Pipeline.php(209): Illuminate\\Http\\Middleware\\TrustProxies->handle(Object(Illuminate\\Http\\Request), Object(Closure))
#46 /var/www/html/vendor/laravel/framework/src/Illuminate/Foundation/Http/Middleware/InvokeDeferredCallbacks.php(22): Illuminate\\Pipeline\\Pipeline->Illuminate\\Pipeline\\{closure}(Object(Illuminate\\Http\\Request))
#47 /var/www/html/vendor/laravel/framework/src/Illuminate/Pipeline/Pipeline.php(209): Illuminate\\Foundation\\Http\\Middleware\\InvokeDeferredCallbacks->handle(Object(Illuminate\\Http\\Request), Object(Closure))
#48 /var/www/html/vendor/laravel/framework/src/Illuminate/Pipeline/Pipeline.php(127): Illuminate\\Pipeline\\Pipeline->Illuminate\\Pipeline\\{closure}(Object(Illuminate\\Http\\Request))
#49 /var/www/html/vendor/laravel/framework/src/Illuminate/Foundation/Http/Kernel.php(176): Illuminate\\Pipeline\\Pipeline->then(Object(Closure))
#50 /var/www/html/vendor/laravel/framework/src/Illuminate/Foundation/Http/Kernel.php(145): Illuminate\\Foundation\\Http\\Kernel->sendRequestThroughRouter(Object(Illuminate\\Http\\Request))
#51 /var/www/html/vendor/laravel/framework/src/Illuminate/Foundation/Application.php(1220): Illuminate\\Foundation\\Http\\Kernel->handle(Object(Illuminate\\Http\\Request))
#52 /var/www/html/public/index.php(17): Illuminate\\Foundation\\Application->handleRequest(Object(Illuminate\\Http\\Request))
#53 {main}
"} 
[2026-09-21 16:34:51] local.ERROR: Failed to authenticate on SMTP server with username "your-email@gmail.com" using the following authenticators: "LOGIN", "PLAIN", "XOAUTH2". Authenticator "LOGIN" returned "Expected response code "235" but got code "535", with message "535-5.7.8 Username and Password not accepted. For more information, go to
535 5.7.8  https://support.google.com/mail/?p=BadCredentials ffacd0b85a97d-48724460753sm22293020f8f.10 - gsmtp".". Authenticator "PLAIN" returned "Expected response code "235" but got code "535", with message "535-5.7.8 Username and Password not accepted. For more information, go to
535 5.7.8  https://support.google.com/mail/?p=BadCredentials ffacd0b85a97d-48724460753sm22293020f8f.10 - gsmtp".". Authenticator "XOAUTH2" returned "Expected response code "235" but got code "334", with message "334 eyJzdGF0dXMiOiI0MDAiLCJzY2hlbWVzIjoiQmVhcmVyIiwic2NvcGUiOiJodHRwczovL21haWwuZ29vZ2xlLmNvbS8ifQ==".". {"userId":1,"exception":"[object] (Symfony\\Component\\Mailer\\Exception\\TransportException(code: 334): Failed to authenticate on SMTP server with username \"your-email@gmail.com\" using the following authenticators: \"LOGIN\", \"PLAIN\", \"XOAUTH2\". Authenticator \"LOGIN\" returned \"Expected response code \"235\" but got code \"535\", with message \"535-5.7.8 Username and Password not accepted. For more information, go to

535 5.7.8  https://support.google.com/mail/?p=BadCredentials ffacd0b85a97d-48724460753sm22293020f8f.10 - gsmtp\".\". Authenticator \"PLAIN\" returned \"Expected response code \"235\" but got code \"535\", with message \"535-5.7.8 Username and Password not accepted. For more information, go to

535 5.7.8  https://support.google.com/mail/?p=BadCredentials ffacd0b85a97d-48724460753sm22293020f8f.10 - gsmtp\".\". Authenticator \"XOAUTH2\" returned \"Expected response code \"235\" but got code \"334\", with message \"334 eyJzdGF0dXMiOiI0MDAiLCJzY2hlbWVzIjoiQmVhcmVyIiwic2NvcGUiOiJodHRwczovL21haWwuZ29vZ2xlLmNvbS8ifQ==\".\". at /var/www/html/vendor/symfony/mailer/Transport/Smtp/EsmtpTransport.php:269)
[stacktrace]
#0 /var/www/html/vendor/symfony/mailer/Transport/Smtp/EsmtpTransport.php(199): Symfony\\Component\\Mailer\\Transport\\Smtp\\EsmtpTransport->handleAuth(Array)
#1 /var/www/html/vendor/symfony/mailer/Transport/Smtp/EsmtpTransport.php(150): Symfony\\Component\\Mailer\\Transport\\Smtp\\EsmtpTransport->doEhloCommand()
#2 /var/www/html/vendor/symfony/mailer/Transport/Smtp/SmtpTransport.php(248): Symfony\\Component\\Mailer\\Transport\\Smtp\\EsmtpTransport->executeCommand('HELO localhost\\r...', Array)
#3 /var/www/html/vendor/symfony/mailer/Transport/Smtp/SmtpTransport.php(274): Symfony\\Component\\Mailer\\Transport\\Smtp\\SmtpTransport->doHeloCommand()
#4 /var/www/html/vendor/symfony/mailer/Transport/Smtp/SmtpTransport.php(204): Symfony\\Component\\Mailer\\Transport\\Smtp\\SmtpTransport->start()
#5 /var/www/html/vendor/symfony/mailer/Transport/AbstractTransport.php(69): Symfony\\Component\\Mailer\\Transport\\Smtp\\SmtpTransport->doSend(Object(Symfony\\Component\\Mailer\\SentMessage))
#6 /var/www/html/vendor/symfony/mailer/Transport/Smtp/SmtpTransport.php(142): Symfony\\Component\\Mailer\\Transport\\AbstractTransport->send(Object(Symfony\\Component\\Mime\\Email), Object(Symfony\\Component\\Mailer\\DelayedEnvelope))
#7 /var/www/html/vendor/laravel/framework/src/Illuminate/Mail/Mailer.php(585): Symfony\\Component\\Mailer\\Transport\\Smtp\\SmtpTransport->send(Object(Symfony\\Component\\Mime\\Email), Object(Symfony\\Component\\Mailer\\DelayedEnvelope))
#8 /var/www/html/vendor/laravel/framework/src/Illuminate/Mail/Mailer.php(332): Illuminate\\Mail\\Mailer->sendSymfonyMessage(Object(Symfony\\Component\\Mime\\Email))
#9 /var/www/html/vendor/laravel/framework/src/Illuminate/Mail/MailManager.php(622): Illuminate\\Mail\\Mailer->send('emails.document...', Array, Object(Closure))
#10 /var/www/html/vendor/laravel/framework/src/Illuminate/Support/Facades/Facade.php(361): Illuminate\\Mail\\MailManager->__call('send', Array)
#11 /var/www/html/app/Http/Controllers/Api/Dashboard/SalesOrderController.php(171): Illuminate\\Support\\Facades\\Facade::__callStatic('send', Array)
#12 /var/www/html/vendor/laravel/framework/src/Illuminate/Routing/ControllerDispatcher.php(47): App\\Http\\Controllers\\Api\\Dashboard\\SalesOrderController->email(Object(Illuminate\\Http\\Request), Object(App\\Models\\SalesOrder), Object(App\\Services\\SimplePdfService))
#13 /var/www/html/vendor/laravel/framework/src/Illuminate/Routing/Route.php(266): Illuminate\\Routing\\ControllerDispatcher->dispatch(Object(Illuminate\\Routing\\Route), Object(App\\Http\\Controllers\\Api\\Dashboard\\SalesOrderController), 'email')
#14 /var/www/html/vendor/laravel/framework/src/Illuminate/Routing/Route.php(212): Illuminate\\Routing\\Route->runController()
#15 /var/www/html/vendor/laravel/framework/src/Illuminate/Routing/Router.php(808): Illuminate\\Routing\\Route->run()
#16 /var/www/html/vendor/laravel/framework/src/Illuminate/Pipeline/Pipeline.php(170): Illuminate\\Routing\\Router->Illuminate\\Routing\\{closure}(Object(Illuminate\\Http\\Request))
#17 /var/www/html/vendor/spatie/laravel-permission/src/Middleware/PermissionMiddleware.php(37): Illuminate\\Pipeline\\Pipeline->Illuminate\\Pipeline\\{closure}(Object(Illuminate\\Http\\Request))
#18 /var/www/html/vendor/laravel/framework/src/Illuminate/Pipeline/Pipeline.php(209): Spatie\\Permission\\Middleware\\PermissionMiddleware->handle(Object(Illuminate\\Http\\Request), Object(Closure), 'orders.manage')
#19 /var/www/html/vendor/spatie/laravel-permission/src/Middleware/PermissionMiddleware.php(37): Illuminate\\Pipeline\\Pipeline->Illuminate\\Pipeline\\{closure}(Object(Illuminate\\Http\\Request))
#20 /var/www/html/vendor/laravel/framework/src/Illuminate/Pipeline/Pipeline.php(209): Spatie\\Permission\\Middleware\\PermissionMiddleware->handle(Object(Illuminate\\Http\\Request), Object(Closure), 'dashboard.view')
#21 /var/www/html/vendor/laravel/framework/src/Illuminate/Routing/Middleware/SubstituteBindings.php(51): Illuminate\\Pipeline\\Pipeline->Illuminate\\Pipeline\\{closure}(Object(Illuminate\\Http\\Request))
#22 /var/www/html/vendor/laravel/framework/src/Illuminate/Pipeline/Pipeline.php(209): Illuminate\\Routing\\Middleware\\SubstituteBindings->handle(Object(Illuminate\\Http\\Request), Object(Closure))
#23 /var/www/html/vendor/laravel/framework/src/Illuminate/Auth/Middleware/Authenticate.php(64): Illuminate\\Pipeline\\Pipeline->Illuminate\\Pipeline\\{closure}(Object(Illuminate\\Http\\Request))
#24 /var/www/html/vendor/laravel/framework/src/Illuminate/Pipeline/Pipeline.php(209): Illuminate\\Auth\\Middleware\\Authenticate->handle(Object(Illuminate\\Http\\Request), Object(Closure), 'sanctum')
#25 /var/www/html/vendor/laravel/framework/src/Illuminate/Pipeline/Pipeline.php(127): Illuminate\\Pipeline\\Pipeline->Illuminate\\Pipeline\\{closure}(Object(Illuminate\\Http\\Request))
#26 /var/www/html/vendor/laravel/framework/src/Illuminate/Routing/Router.php(807): Illuminate\\Pipeline\\Pipeline->then(Object(Closure))
#27 /var/www/html/vendor/laravel/framework/src/Illuminate/Routing/Router.php(786): Illuminate\\Routing\\Router->runRouteWithinStack(Object(Illuminate\\Routing\\Route), Object(Illuminate\\Http\\Request))
#28 /var/www/html/vendor/laravel/framework/src/Illuminate/Routing/Router.php(750): Illuminate\\Routing\\Router->runRoute(Object(Illuminate\\Http\\Request), Object(Illuminate\\Routing\\Route))
#29 /var/www/html/vendor/laravel/framework/src/Illuminate/Routing/Router.php(739): Illuminate\\Routing\\Router->dispatchToRoute(Object(Illuminate\\Http\\Request))
#30 /var/www/html/vendor/laravel/framework/src/Illuminate/Foundation/Http/Kernel.php(201): Illuminate\\Routing\\Router->dispatch(Object(Illuminate\\Http\\Request))
#31 /var/www/html/vendor/laravel/framework/src/Illuminate/Pipeline/Pipeline.php(170): Illuminate\\Foundation\\Http\\Kernel->Illuminate\\Foundation\\Http\\{closure}(Object(Illuminate\\Http\\Request))
#32 /var/www/html/vendor/laravel/framework/src/Illuminate/Foundation/Http/Middleware/TransformsRequest.php(21): Illuminate\\Pipeline\\Pipeline->Illuminate\\Pipeline\\{closure}(Object(Illuminate\\Http\\Request))
#33 /var/www/html/vendor/laravel/framework/src/Illuminate/Foundation/Http/Middleware/ConvertEmptyStringsToNull.php(31): Illuminate\\Foundation\\Http\\Middleware\\TransformsRequest->handle(Object(Illuminate\\Http\\Request), Object(Closure))
#34 /var/www/html/vendor/laravel/framework/src/Illuminate/Pipeline/Pipeline.php(209): Illuminate\\Foundation\\Http\\Middleware\\ConvertEmptyStringsToNull->handle(Object(Illuminate\\Http\\Request), Object(Closure))
#35 /var/www/html/vendor/laravel/framework/src/Illuminate/Foundation/Http/Middleware/TransformsRequest.php(21): Illuminate\\Pipeline\\Pipeline->Illuminate\\Pipeline\\{closure}(Object(Illuminate\\Http\\Request))
#36 /var/www/html/vendor/laravel/framework/src/Illuminate/Foundation/Http/Middleware/TrimStrings.php(51): Illuminate\\Foundation\\Http\\Middleware\\TransformsRequest->handle(Object(Illuminate\\Http\\Request), Object(Closure))
#37 /var/www/html/vendor/laravel/framework/src/Illuminate/Pipeline/Pipeline.php(209): Illuminate\\Foundation\\Http\\Middleware\\TrimStrings->handle(Object(Illuminate\\Http\\Request), Object(Closure))
#38 /var/www/html/vendor/laravel/framework/src/Illuminate/Http/Middleware/ValidatePostSize.php(27): Illuminate\\Pipeline\\Pipeline->Illuminate\\Pipeline\\{closure}(Object(Illuminate\\Http\\Request))
#39 /var/www/html/vendor/laravel/framework/src/Illuminate/Pipeline/Pipeline.php(209): Illuminate\\Http\\Middleware\\ValidatePostSize->handle(Object(Illuminate\\Http\\Request), Object(Closure))
#40 /var/www/html/vendor/laravel/framework/src/Illuminate/Foundation/Http/Middleware/PreventRequestsDuringMaintenance.php(110): Illuminate\\Pipeline\\Pipeline->Illuminate\\Pipeline\\{closure}(Object(Illuminate\\Http\\Request))
#41 /var/www/html/vendor/laravel/framework/src/Illuminate/Pipeline/Pipeline.php(209): Illuminate\\Foundation\\Http\\Middleware\\PreventRequestsDuringMaintenance->handle(Object(Illuminate\\Http\\Request), Object(Closure))
#42 /var/www/html/vendor/laravel/framework/src/Illuminate/Http/Middleware/HandleCors.php(62): Illuminate\\Pipeline\\Pipeline->Illuminate\\Pipeline\\{closure}(Object(Illuminate\\Http\\Request))
#43 /var/www/html/vendor/laravel/framework/src/Illuminate/Pipeline/Pipeline.php(209): Illuminate\\Http\\Middleware\\HandleCors->handle(Object(Illuminate\\Http\\Request), Object(Closure))
#44 /var/www/html/vendor/laravel/framework/src/Illuminate/Http/Middleware/TrustProxies.php(58): Illuminate\\Pipeline\\Pipeline->Illuminate\\Pipeline\\{closure}(Object(Illuminate\\Http\\Request))
#45 /var/www/html/vendor/laravel/framework/src/Illuminate/Pipeline/Pipeline.php(209): Illuminate\\Http\\Middleware\\TrustProxies->handle(Object(Illuminate\\Http\\Request), Object(Closure))
#46 /var/www/html/vendor/laravel/framework/src/Illuminate/Foundation/Http/Middleware/InvokeDeferredCallbacks.php(22): Illuminate\\Pipeline\\Pipeline->Illuminate\\Pipeline\\{closure}(Object(Illuminate\\Http\\Request))
#47 /var/www/html/vendor/laravel/framework/src/Illuminate/Pipeline/Pipeline.php(209): Illuminate\\Foundation\\Http\\Middleware\\InvokeDeferredCallbacks->handle(Object(Illuminate\\Http\\Request), Object(Closure))
#48 /var/www/html/vendor/laravel/framework/src/Illuminate/Pipeline/Pipeline.php(127): Illuminate\\Pipeline\\Pipeline->Illuminate\\Pipeline\\{closure}(Object(Illuminate\\Http\\Request))
#49 /var/www/html/vendor/laravel/framework/src/Illuminate/Foundation/Http/Kernel.php(176): Illuminate\\Pipeline\\Pipeline->then(Object(Closure))
#50 /var/www/html/vendor/laravel/framework/src/Illuminate/Foundation/Http/Kernel.php(145): Illuminate\\Foundation\\Http\\Kernel->sendRequestThroughRouter(Object(Illuminate\\Http\\Request))
#51 /var/www/html/vendor/laravel/framework/src/Illuminate/Foundation/Application.php(1220): Illuminate\\Foundation\\Http\\Kernel->handle(Object(Illuminate\\Http\\Request))
#52 /var/www/html/public/index.php(17): Illuminate\\Foundation\\Application->handleRequest(Object(Illuminate\\Http\\Request))
#53 {main}
"} 
[2026-09-21 16:35:51] local.ERROR: Target [App\Services\Ivr\IvrGateway] is not instantiable while building [App\Console\Commands\ProcessDueIvrCalls, App\Jobs\SendIvrCallJob]. {"exception":"[object] (Illuminate\\Contracts\\Container\\BindingResolutionException(code: 0): Target [App\\Services\\Ivr\\IvrGateway] is not instantiable while building [App\\Console\\Commands\\ProcessDueIvrCalls, App\\Jobs\\SendIvrCallJob]. at /var/www/html/vendor/laravel/framework/src/Illuminate/Container/Container.php:1216)
[stacktrace]
#0 /var/www/html/vendor/laravel/framework/src/Illuminate/Container/Container.php(968): Illuminate\\Container\\Container->notInstantiable('App\\\\Services\\\\Iv...')
#1 /var/www/html/vendor/laravel/framework/src/Illuminate/Container/Container.php(832): Illuminate\\Container\\Container->build('App\\\\Services\\\\Iv...')
#2 /var/www/html/vendor/laravel/framework/src/Illuminate/Foundation/Application.php(1078): Illuminate\\Container\\Container->resolve('App\\\\Services\\\\Iv...', Array, true)
#3 /var/www/html/vendor/laravel/framework/src/Illuminate/Container/Container.php(763): Illuminate\\Foundation\\Application->resolve('App\\\\Services\\\\Iv...', Array)
#4 /var/www/html/vendor/laravel/framework/src/Illuminate/Foundation/Application.php(1058): Illuminate\\Container\\Container->make('App\\\\Services\\\\Iv...', Array)
#5 /var/www/html/vendor/laravel/framework/src/Illuminate/Container/BoundMethod.php(190): Illuminate\\Foundation\\Application->make('App\\\\Services\\\\Iv...')
#6 /var/www/html/vendor/laravel/framework/src/Illuminate/Container/BoundMethod.php(126): Illuminate\\Container\\BoundMethod::addDependencyForCallParameter(Object(Illuminate\\Foundation\\Application), Object(ReflectionParameter), Array, Array)
#7 /var/www/html/vendor/laravel/framework/src/Illuminate/Container/BoundMethod.php(36): Illuminate\\Container\\BoundMethod::getMethodDependencies(Object(Illuminate\\Foundation\\Application), Array, Array)
#8 /var/www/html/vendor/laravel/framework/src/Illuminate/Container/Util.php(43): Illuminate\\Container\\BoundMethod::Illuminate\\Container\\{closure}()
#9 /var/www/html/vendor/laravel/framework/src/Illuminate/Container/BoundMethod.php(95): Illuminate\\Container\\Util::unwrapIfClosure(Object(Closure))
#10 /var/www/html/vendor/laravel/framework/src/Illuminate/Container/BoundMethod.php(35): Illuminate\\Container\\BoundMethod::callBoundMethod(Object(Illuminate\\Foundation\\Application), Array, Object(Closure))
#11 /var/www/html/vendor/laravel/framework/src/Illuminate/Container/Container.php(696): Illuminate\\Container\\BoundMethod::call(Object(Illuminate\\Foundation\\Application), Array, Array, NULL)
#12 /var/www/html/vendor/laravel/framework/src/Illuminate/Bus/Dispatcher.php(126): Illuminate\\Container\\Container->call(Array)
#13 /var/www/html/vendor/laravel/framework/src/Illuminate/Pipeline/Pipeline.php(170): Illuminate\\Bus\\Dispatcher->Illuminate\\Bus\\{closure}(Object(App\\Jobs\\SendIvrCallJob))
#14 /var/www/html/vendor/laravel/framework/src/Illuminate/Pipeline/Pipeline.php(127): Illuminate\\Pipeline\\Pipeline->Illuminate\\Pipeline\\{closure}(Object(App\\Jobs\\SendIvrCallJob))
#15 /var/www/html/vendor/laravel/framework/src/Illuminate/Bus/Dispatcher.php(130): Illuminate\\Pipeline\\Pipeline->then(Object(Closure))
#16 /var/www/html/vendor/laravel/framework/src/Illuminate/Queue/CallQueuedHandler.php(126): Illuminate\\Bus\\Dispatcher->dispatchNow(Object(App\\Jobs\\SendIvrCallJob), false)
#17 /var/www/html/vendor/laravel/framework/src/Illuminate/Pipeline/Pipeline.php(170): Illuminate\\Queue\\CallQueuedHandler->Illuminate\\Queue\\{closure}(Object(App\\Jobs\\SendIvrCallJob))
#18 /var/www/html/vendor/laravel/framework/src/Illuminate/Pipeline/Pipeline.php(127): Illuminate\\Pipeline\\Pipeline->Illuminate\\Pipeline\\{closure}(Object(App\\Jobs\\SendIvrCallJob))
#19 /var/www/html/vendor/laravel/framework/src/Illuminate/Queue/CallQueuedHandler.php(121): Illuminate\\Pipeline\\Pipeline->then(Object(Closure))
#20 /var/www/html/vendor/laravel/framework/src/Illuminate/Queue/CallQueuedHandler.php(69): Illuminate\\Queue\\CallQueuedHandler->dispatchThroughMiddleware(Object(Illuminate\\Queue\\Jobs\\SyncJob), Object(App\\Jobs\\SendIvrCallJob))
#21 /var/www/html/vendor/laravel/framework/src/Illuminate/Queue/Jobs/Job.php(102): Illuminate\\Queue\\CallQueuedHandler->call(Object(Illuminate\\Queue\\Jobs\\SyncJob), Array)
#22 /var/www/html/vendor/laravel/framework/src/Illuminate/Queue/SyncQueue.php(76): Illuminate\\Queue\\Jobs\\Job->fire()
#23 /var/www/html/vendor/laravel/framework/src/Illuminate/Queue/SyncQueue.php(56): Illuminate\\Queue\\SyncQueue->executeJob(Object(App\\Jobs\\SendIvrCallJob), '', NULL)
#24 /var/www/html/vendor/laravel/framework/src/Illuminate/Bus/Dispatcher.php(244): Illuminate\\Queue\\SyncQueue->push(Object(App\\Jobs\\SendIvrCallJob), '', NULL)
#25 /var/www/html/vendor/laravel/framework/src/Illuminate/Bus/Dispatcher.php(228): Illuminate\\Bus\\Dispatcher->pushCommandToQueue(Object(Illuminate\\Queue\\SyncQueue), Object(App\\Jobs\\SendIvrCallJob))
#26 /var/www/html/vendor/laravel/framework/src/Illuminate/Bus/Dispatcher.php(77): Illuminate\\Bus\\Dispatcher->dispatchToQueue(Object(App\\Jobs\\SendIvrCallJob))
#27 /var/www/html/vendor/laravel/framework/src/Illuminate/Foundation/Bus/PendingDispatch.php(222): Illuminate\\Bus\\Dispatcher->dispatch(Object(App\\Jobs\\SendIvrCallJob))
#28 /var/www/html/vendor/laravel/framework/src/Illuminate/Foundation/Bus/Dispatchable.php(19): Illuminate\\Foundation\\Bus\\PendingDispatch->__destruct()
#29 /var/www/html/app/Console/Commands/ProcessDueIvrCalls.php(34): App\\Jobs\\SendIvrCallJob::dispatch(Object(App\\Models\\IvrCall))
#30 /var/www/html/vendor/laravel/framework/src/Illuminate/Container/BoundMethod.php(36): App\\Console\\Commands\\ProcessDueIvrCalls->handle()
#31 /var/www/html/vendor/laravel/framework/src/Illuminate/Container/Util.php(43): Illuminate\\Container\\BoundMethod::Illuminate\\Container\\{closure}()
#32 /var/www/html/vendor/laravel/framework/src/Illuminate/Container/BoundMethod.php(95): Illuminate\\Container\\Util::unwrapIfClosure(Object(Closure))
#33 /var/www/html/vendor/laravel/framework/src/Illuminate/Container/BoundMethod.php(35): Illuminate\\Container\\BoundMethod::callBoundMethod(Object(Illuminate\\Foundation\\Application), Array, Object(Closure))
#34 /var/www/html/vendor/laravel/framework/src/Illuminate/Container/Container.php(696): Illuminate\\Container\\BoundMethod::call(Object(Illuminate\\Foundation\\Application), Array, Array, NULL)
#35 /var/www/html/vendor/laravel/framework/src/Illuminate/Console/Command.php(213): Illuminate\\Container\\Container->call(Array)
#36 /var/www/html/vendor/symfony/console/Command/Command.php(341): Illuminate\\Console\\Command->execute(Object(Symfony\\Component\\Console\\Input\\ArgvInput), Object(Illuminate\\Console\\OutputStyle))
#37 /var/www/html/vendor/laravel/framework/src/Illuminate/Console/Command.php(182): Symfony\\Component\\Console\\Command\\Command->run(Object(Symfony\\Component\\Console\\Input\\ArgvInput), Object(Illuminate\\Console\\OutputStyle))
#38 /var/www/html/vendor/symfony/console/Application.php(1117): Illuminate\\Console\\Command->run(Object(Symfony\\Component\\Console\\Input\\ArgvInput), Object(Symfony\\Component\\Console\\Output\\ConsoleOutput))
#39 /var/www/html/vendor/symfony/console/Application.php(356): Symfony\\Component\\Console\\Application->doRunCommand(Object(App\\Console\\Commands\\ProcessDueIvrCalls), Object(Symfony\\Component\\Console\\Input\\ArgvInput), Object(Symfony\\Component\\Console\\Output\\ConsoleOutput))
#40 /var/www/html/vendor/symfony/console/Application.php(195): Symfony\\Component\\Console\\Application->doRun(Object(Symfony\\Component\\Console\\Input\\ArgvInput), Object(Symfony\\Component\\Console\\Output\\ConsoleOutput))
#41 /var/www/html/vendor/laravel/framework/src/Illuminate/Foundation/Console/Kernel.php(198): Symfony\\Component\\Console\\Application->run(Object(Symfony\\Component\\Console\\Input\\ArgvInput), Object(Symfony\\Component\\Console\\Output\\ConsoleOutput))
#42 /var/www/html/vendor/laravel/framework/src/Illuminate/Foundation/Application.php(1235): Illuminate\\Foundation\\Console\\Kernel->handle(Object(Symfony\\Component\\Console\\Input\\ArgvInput), Object(Symfony\\Component\\Console\\Output\\ConsoleOutput))
#43 /var/www/html/artisan(13): Illuminate\\Foundation\\Application->handleCommand(Object(Symfony\\Component\\Console\\Input\\ArgvInput))
#44 {main}
"} 
[2026-09-21 16:38:45] local.ERROR: Failed to authenticate on SMTP server with username "your-email@gmail.com" using the following authenticators: "LOGIN", "PLAIN", "XOAUTH2". Authenticator "LOGIN" returned "Expected response code "235" but got code "535", with message "535-5.7.8 Username and Password not accepted. For more information, go to
535 5.7.8  https://support.google.com/mail/?p=BadCredentials 5b1f17b1804b1-49fcd0874c3sm295729305e9.14 - gsmtp".". Authenticator "PLAIN" returned "Expected response code "235" but got code "535", with message "535-5.7.8 Username and Password not accepted. For more information, go to
535 5.7.8  https://support.google.com/mail/?p=BadCredentials 5b1f17b1804b1-49fcd0874c3sm295729305e9.14 - gsmtp".". Authenticator "XOAUTH2" returned "Expected response code "235" but got code "334", with message "334 eyJzdGF0dXMiOiI0MDAiLCJzY2hlbWVzIjoiQmVhcmVyIiwic2NvcGUiOiJodHRwczovL21haWwuZ29vZ2xlLmNvbS8ifQ==".". {"userId":1,"exception":"[object] (Symfony\\Component\\Mailer\\Exception\\TransportException(code: 334): Failed to authenticate on SMTP server with username \"your-email@gmail.com\" using the following authenticators: \"LOGIN\", \"PLAIN\", \"XOAUTH2\". Authenticator \"LOGIN\" returned \"Expected response code \"235\" but got code \"535\", with message \"535-5.7.8 Username and Password not accepted. For more information, go to

535 5.7.8  https://support.google.com/mail/?p=BadCredentials 5b1f17b1804b1-49fcd0874c3sm295729305e9.14 - gsmtp\".\". Authenticator \"PLAIN\" returned \"Expected response code \"235\" but got code \"535\", with message \"535-5.7.8 Username and Password not accepted. For more information, go to

535 5.7.8  https://support.google.com/mail/?p=BadCredentials 5b1f17b1804b1-49fcd0874c3sm295729305e9.14 - gsmtp\".\". Authenticator \"XOAUTH2\" returned \"Expected response code \"235\" but got code \"334\", with message \"334 eyJzdGF0dXMiOiI0MDAiLCJzY2hlbWVzIjoiQmVhcmVyIiwic2NvcGUiOiJodHRwczovL21haWwuZ29vZ2xlLmNvbS8ifQ==\".\". at /var/www/html/vendor/symfony/mailer/Transport/Smtp/EsmtpTransport.php:269)
[stacktrace]
#0 /var/www/html/vendor/symfony/mailer/Transport/Smtp/EsmtpTransport.php(199): Symfony\\Component\\Mailer\\Transport\\Smtp\\EsmtpTransport->handleAuth(Array)
#1 /var/www/html/vendor/symfony/mailer/Transport/Smtp/EsmtpTransport.php(150): Symfony\\Component\\Mailer\\Transport\\Smtp\\EsmtpTransport->doEhloCommand()
#2 /var/www/html/vendor/symfony/mailer/Transport/Smtp/SmtpTransport.php(248): Symfony\\Component\\Mailer\\Transport\\Smtp\\EsmtpTransport->executeCommand('HELO localhost\\r...', Array)
#3 /var/www/html/vendor/symfony/mailer/Transport/Smtp/SmtpTransport.php(274): Symfony\\Component\\Mailer\\Transport\\Smtp\\SmtpTransport->doHeloCommand()
#4 /var/www/html/vendor/symfony/mailer/Transport/Smtp/SmtpTransport.php(204): Symfony\\Component\\Mailer\\Transport\\Smtp\\SmtpTransport->start()
#5 /var/www/html/vendor/symfony/mailer/Transport/AbstractTransport.php(69): Symfony\\Component\\Mailer\\Transport\\Smtp\\SmtpTransport->doSend(Object(Symfony\\Component\\Mailer\\SentMessage))
#6 /var/www/html/vendor/symfony/mailer/Transport/Smtp/SmtpTransport.php(142): Symfony\\Component\\Mailer\\Transport\\AbstractTransport->send(Object(Symfony\\Component\\Mime\\Email), Object(Symfony\\Component\\Mailer\\DelayedEnvelope))
#7 /var/www/html/vendor/laravel/framework/src/Illuminate/Mail/Mailer.php(585): Symfony\\Component\\Mailer\\Transport\\Smtp\\SmtpTransport->send(Object(Symfony\\Component\\Mime\\Email), Object(Symfony\\Component\\Mailer\\DelayedEnvelope))
#8 /var/www/html/vendor/laravel/framework/src/Illuminate/Mail/Mailer.php(332): Illuminate\\Mail\\Mailer->sendSymfonyMessage(Object(Symfony\\Component\\Mime\\Email))
#9 /var/www/html/vendor/laravel/framework/src/Illuminate/Mail/Mailable.php(207): Illuminate\\Mail\\Mailer->send('emails.payment-...', Array, Object(Closure))
#10 /var/www/html/vendor/laravel/framework/src/Illuminate/Support/Traits/Localizable.php(19): Illuminate\\Mail\\Mailable->Illuminate\\Mail\\{closure}()
#11 /var/www/html/vendor/laravel/framework/src/Illuminate/Mail/Mailable.php(200): Illuminate\\Mail\\Mailable->withLocale(NULL, Object(Closure))
#12 /var/www/html/vendor/laravel/framework/src/Illuminate/Mail/Mailer.php(354): Illuminate\\Mail\\Mailable->send(Object(Illuminate\\Mail\\Mailer))
#13 /var/www/html/vendor/laravel/framework/src/Illuminate/Mail/Mailer.php(301): Illuminate\\Mail\\Mailer->sendMailable(Object(App\\Mail\\PaymentConfirmationMail))
#14 /var/www/html/vendor/laravel/framework/src/Illuminate/Mail/PendingMail.php(124): Illuminate\\Mail\\Mailer->send(Object(App\\Mail\\PaymentConfirmationMail))
#15 /var/www/html/app/Http/Controllers/Api/Dashboard/PaymentController.php(15): Illuminate\\Mail\\PendingMail->send(Object(App\\Mail\\PaymentConfirmationMail))
#16 /var/www/html/vendor/laravel/framework/src/Illuminate/Database/Concerns/ManagesTransactions.php(32): App\\Http\\Controllers\\Api\\Dashboard\\PaymentController->App\\Http\\Controllers\\Api\\Dashboard\\{closure}(Object(Illuminate\\Database\\SQLiteConnection))
#17 /var/www/html/vendor/laravel/framework/src/Illuminate/Database/DatabaseManager.php(495): Illuminate\\Database\\Connection->transaction(Object(Closure))
#18 /var/www/html/vendor/laravel/framework/src/Illuminate/Support/Facades/Facade.php(361): Illuminate\\Database\\DatabaseManager->__call('transaction', Array)
#19 /var/www/html/app/Http/Controllers/Api/Dashboard/PaymentController.php(15): Illuminate\\Support\\Facades\\Facade::__callStatic('transaction', Array)
#20 /var/www/html/vendor/laravel/framework/src/Illuminate/Routing/ControllerDispatcher.php(47): App\\Http\\Controllers\\Api\\Dashboard\\PaymentController->store(Object(Illuminate\\Http\\Request), Object(App\\Models\\CommercialDocument))
#21 /var/www/html/vendor/laravel/framework/src/Illuminate/Routing/Route.php(266): Illuminate\\Routing\\ControllerDispatcher->dispatch(Object(Illuminate\\Routing\\Route), Object(App\\Http\\Controllers\\Api\\Dashboard\\PaymentController), 'store')
#22 /var/www/html/vendor/laravel/framework/src/Illuminate/Routing/Route.php(212): Illuminate\\Routing\\Route->runController()
#23 /var/www/html/vendor/laravel/framework/src/Illuminate/Routing/Router.php(808): Illuminate\\Routing\\Route->run()
#24 /var/www/html/vendor/laravel/framework/src/Illuminate/Pipeline/Pipeline.php(170): Illuminate\\Routing\\Router->Illuminate\\Routing\\{closure}(Object(Illuminate\\Http\\Request))
#25 /var/www/html/vendor/spatie/laravel-permission/src/Middleware/PermissionMiddleware.php(37): Illuminate\\Pipeline\\Pipeline->Illuminate\\Pipeline\\{closure}(Object(Illuminate\\Http\\Request))
#26 /var/www/html/vendor/laravel/framework/src/Illuminate/Pipeline/Pipeline.php(209): Spatie\\Permission\\Middleware\\PermissionMiddleware->handle(Object(Illuminate\\Http\\Request), Object(Closure), 'payments.manage')
#27 /var/www/html/vendor/spatie/laravel-permission/src/Middleware/PermissionMiddleware.php(37): Illuminate\\Pipeline\\Pipeline->Illuminate\\Pipeline\\{closure}(Object(Illuminate\\Http\\Request))
#28 /var/www/html/vendor/laravel/framework/src/Illuminate/Pipeline/Pipeline.php(209): Spatie\\Permission\\Middleware\\PermissionMiddleware->handle(Object(Illuminate\\Http\\Request), Object(Closure), 'dashboard.view')
#29 /var/www/html/vendor/laravel/framework/src/Illuminate/Routing/Middleware/SubstituteBindings.php(51): Illuminate\\Pipeline\\Pipeline->Illuminate\\Pipeline\\{closure}(Object(Illuminate\\Http\\Request))
#30 /var/www/html/vendor/laravel/framework/src/Illuminate/Pipeline/Pipeline.php(209): Illuminate\\Routing\\Middleware\\SubstituteBindings->handle(Object(Illuminate\\Http\\Request), Object(Closure))
#31 /var/www/html/vendor/laravel/framework/src/Illuminate/Auth/Middleware/Authenticate.php(64): Illuminate\\Pipeline\\Pipeline->Illuminate\\Pipeline\\{closure}(Object(Illuminate\\Http\\Request))
#32 /var/www/html/vendor/laravel/framework/src/Illuminate/Pipeline/Pipeline.php(209): Illuminate\\Auth\\Middleware\\Authenticate->handle(Object(Illuminate\\Http\\Request), Object(Closure), 'sanctum')
#33 /var/www/html/vendor/laravel/framework/src/Illuminate/Pipeline/Pipeline.php(127): Illuminate\\Pipeline\\Pipeline->Illuminate\\Pipeline\\{closure}(Object(Illuminate\\Http\\Request))
#34 /var/www/html/vendor/laravel/framework/src/Illuminate/Routing/Router.php(807): Illuminate\\Pipeline\\Pipeline->then(Object(Closure))
#35 /var/www/html/vendor/laravel/framework/src/Illuminate/Routing/Router.php(786): Illuminate\\Routing\\Router->runRouteWithinStack(Object(Illuminate\\Routing\\Route), Object(Illuminate\\Http\\Request))
#36 /var/www/html/vendor/laravel/framework/src/Illuminate/Routing/Router.php(750): Illuminate\\Routing\\Router->runRoute(Object(Illuminate\\Http\\Request), Object(Illuminate\\Routing\\Route))
#37 /var/www/html/vendor/laravel/framework/src/Illuminate/Routing/Router.php(739): Illuminate\\Routing\\Router->dispatchToRoute(Object(Illuminate\\Http\\Request))
#38 /var/www/html/vendor/laravel/framework/src/Illuminate/Foundation/Http/Kernel.php(201): Illuminate\\Routing\\Router->dispatch(Object(Illuminate\\Http\\Request))
#39 /var/www/html/vendor/laravel/framework/src/Illuminate/Pipeline/Pipeline.php(170): Illuminate\\Foundation\\Http\\Kernel->Illuminate\\Foundation\\Http\\{closure}(Object(Illuminate\\Http\\Request))
#40 /var/www/html/vendor/laravel/framework/src/Illuminate/Foundation/Http/Middleware/TransformsRequest.php(21): Illuminate\\Pipeline\\Pipeline->Illuminate\\Pipeline\\{closure}(Object(Illuminate\\Http\\Request))
#41 /var/www/html/vendor/laravel/framework/src/Illuminate/Foundation/Http/Middleware/ConvertEmptyStringsToNull.php(31): Illuminate\\Foundation\\Http\\Middleware\\TransformsRequest->handle(Object(Illuminate\\Http\\Request), Object(Closure))
#42 /var/www/html/vendor/laravel/framework/src/Illuminate/Pipeline/Pipeline.php(209): Illuminate\\Foundation\\Http\\Middleware\\ConvertEmptyStringsToNull->handle(Object(Illuminate\\Http\\Request), Object(Closure))
#43 /var/www/html/vendor/laravel/framework/src/Illuminate/Foundation/Http/Middleware/TransformsRequest.php(21): Illuminate\\Pipeline\\Pipeline->Illuminate\\Pipeline\\{closure}(Object(Illuminate\\Http\\Request))
#44 /var/www/html/vendor/laravel/framework/src/Illuminate/Foundation/Http/Middleware/TrimStrings.php(51): Illuminate\\Foundation\\Http\\Middleware\\TransformsRequest->handle(Object(Illuminate\\Http\\Request), Object(Closure))
#45 /var/www/html/vendor/laravel/framework/src/Illuminate/Pipeline/Pipeline.php(209): Illuminate\\Foundation\\Http\\Middleware\\TrimStrings->handle(Object(Illuminate\\Http\\Request), Object(Closure))
#46 /var/www/html/vendor/laravel/framework/src/Illuminate/Http/Middleware/ValidatePostSize.php(27): Illuminate\\Pipeline\\Pipeline->Illuminate\\Pipeline\\{closure}(Object(Illuminate\\Http\\Request))
#47 /var/www/html/vendor/laravel/framework/src/Illuminate/Pipeline/Pipeline.php(209): Illuminate\\Http\\Middleware\\ValidatePostSize->handle(Object(Illuminate\\Http\\Request), Object(Closure))
#48 /var/www/html/vendor/laravel/framework/src/Illuminate/Foundation/Http/Middleware/PreventRequestsDuringMaintenance.php(110): Illuminate\\Pipeline\\Pipeline->Illuminate\\Pipeline\\{closure}(Object(Illuminate\\Http\\Request))
#49 /var/www/html/vendor/laravel/framework/src/Illuminate/Pipeline/Pipeline.php(209): Illuminate\\Foundation\\Http\\Middleware\\PreventRequestsDuringMaintenance->handle(Object(Illuminate\\Http\\Request), Object(Closure))
#50 /var/www/html/vendor/laravel/framework/src/Illuminate/Http/Middleware/HandleCors.php(62): Illuminate\\Pipeline\\Pipeline->Illuminate\\Pipeline\\{closure}(Object(Illuminate\\Http\\Request))
#51 /var/www/html/vendor/laravel/framework/src/Illuminate/Pipeline/Pipeline.php(209): Illuminate\\Http\\Middleware\\HandleCors->handle(Object(Illuminate\\Http\\Request), Object(Closure))
#52 /var/www/html/vendor/laravel/framework/src/Illuminate/Http/Middleware/TrustProxies.php(58): Illuminate\\Pipeline\\Pipeline->Illuminate\\Pipeline\\{closure}(Object(Illuminate\\Http\\Request))
#53 /var/www/html/vendor/laravel/framework/src/Illuminate/Pipeline/Pipeline.php(209): Illuminate\\Http\\Middleware\\TrustProxies->handle(Object(Illuminate\\Http\\Request), Object(Closure))
#54 /var/www/html/vendor/laravel/framework/src/Illuminate/Foundation/Http/Middleware/InvokeDeferredCallbacks.php(22): Illuminate\\Pipeline\\Pipeline->Illuminate\\Pipeline\\{closure}(Object(Illuminate\\Http\\Request))
#55 /var/www/html/vendor/laravel/framework/src/Illuminate/Pipeline/Pipeline.php(209): Illuminate\\Foundation\\Http\\Middleware\\InvokeDeferredCallbacks->handle(Object(Illuminate\\Http\\Request), Object(Closure))
#56 /var/www/html/vendor/laravel/framework/src/Illuminate/Pipeline/Pipeline.php(127): Illuminate\\Pipeline\\Pipeline->Illuminate\\Pipeline\\{closure}(Object(Illuminate\\Http\\Request))
#57 /var/www/html/vendor/laravel/framework/src/Illuminate/Foundation/Http/Kernel.php(176): Illuminate\\Pipeline\\Pipeline->then(Object(Closure))
#58 /var/www/html/vendor/laravel/framework/src/Illuminate/Foundation/Http/Kernel.php(145): Illuminate\\Foundation\\Http\\Kernel->sendRequestThroughRouter(Object(Illuminate\\Http\\Request))
#59 /var/www/html/vendor/laravel/framework/src/Illuminate/Foundation/Application.php(1220): Illuminate\\Foundation\\Http\\Kernel->handle(Object(Illuminate\\Http\\Request))
#60 /var/www/html/public/index.php(17): Illuminate\\Foundation\\Application->handleRequest(Object(Illuminate\\Http\\Request))
#61 {main}
"} 
[2026-09-21 16:40:54] local.ERROR: Target [App\Services\Ivr\IvrGateway] is not instantiable while building [App\Console\Commands\ProcessDueIvrCalls, App\Jobs\SendIvrCallJob]. {"exception":"[object] (Illuminate\\Contracts\\Container\\BindingResolutionException(code: 0): Target [App\\Services\\Ivr\\IvrGateway] is not instantiable while building [App\\Console\\Commands\\ProcessDueIvrCalls, App\\Jobs\\SendIvrCallJob]. at /var/www/html/vendor/laravel/framework/src/Illuminate/Container/Container.php:1216)
[stacktrace]
#0 /var/www/html/vendor/laravel/framework/src/Illuminate/Container/Container.php(968): Illuminate\\Container\\Container->notInstantiable('App\\\\Services\\\\Iv...')
#1 /var/www/html/vendor/laravel/framework/src/Illuminate/Container/Container.php(832): Illuminate\\Container\\Container->build('App\\\\Services\\\\Iv...')
#2 /var/www/html/vendor/laravel/framework/src/Illuminate/Foundation/Application.php(1078): Illuminate\\Container\\Container->resolve('App\\\\Services\\\\Iv...', Array, true)
#3 /var/www/html/vendor/laravel/framework/src/Illuminate/Container/Container.php(763): Illuminate\\Foundation\\Application->resolve('App\\\\Services\\\\Iv...', Array)
#4 /var/www/html/vendor/laravel/framework/src/Illuminate/Foundation/Application.php(1058): Illuminate\\Container\\Container->make('App\\\\Services\\\\Iv...', Array)
#5 /var/www/html/vendor/laravel/framework/src/Illuminate/Container/BoundMethod.php(190): Illuminate\\Foundation\\Application->make('App\\\\Services\\\\Iv...')
#6 /var/www/html/vendor/laravel/framework/src/Illuminate/Container/BoundMethod.php(126): Illuminate\\Container\\BoundMethod::addDependencyForCallParameter(Object(Illuminate\\Foundation\\Application), Object(ReflectionParameter), Array, Array)
#7 /var/www/html/vendor/laravel/framework/src/Illuminate/Container/BoundMethod.php(36): Illuminate\\Container\\BoundMethod::getMethodDependencies(Object(Illuminate\\Foundation\\Application), Array, Array)
#8 /var/www/html/vendor/laravel/framework/src/Illuminate/Container/Util.php(43): Illuminate\\Container\\BoundMethod::Illuminate\\Container\\{closure}()
#9 /var/www/html/vendor/laravel/framework/src/Illuminate/Container/BoundMethod.php(95): Illuminate\\Container\\Util::unwrapIfClosure(Object(Closure))
#10 /var/www/html/vendor/laravel/framework/src/Illuminate/Container/BoundMethod.php(35): Illuminate\\Container\\BoundMethod::callBoundMethod(Object(Illuminate\\Foundation\\Application), Array, Object(Closure))
#11 /var/www/html/vendor/laravel/framework/src/Illuminate/Container/Container.php(696): Illuminate\\Container\\BoundMethod::call(Object(Illuminate\\Foundation\\Application), Array, Array, NULL)
#12 /var/www/html/vendor/laravel/framework/src/Illuminate/Bus/Dispatcher.php(126): Illuminate\\Container\\Container->call(Array)
#13 /var/www/html/vendor/laravel/framework/src/Illuminate/Pipeline/Pipeline.php(170): Illuminate\\Bus\\Dispatcher->Illuminate\\Bus\\{closure}(Object(App\\Jobs\\SendIvrCallJob))
#14 /var/www/html/vendor/laravel/framework/src/Illuminate/Pipeline/Pipeline.php(127): Illuminate\\Pipeline\\Pipeline->Illuminate\\Pipeline\\{closure}(Object(App\\Jobs\\SendIvrCallJob))
#15 /var/www/html/vendor/laravel/framework/src/Illuminate/Bus/Dispatcher.php(130): Illuminate\\Pipeline\\Pipeline->then(Object(Closure))
#16 /var/www/html/vendor/laravel/framework/src/Illuminate/Queue/CallQueuedHandler.php(126): Illuminate\\Bus\\Dispatcher->dispatchNow(Object(App\\Jobs\\SendIvrCallJob), false)
#17 /var/www/html/vendor/laravel/framework/src/Illuminate/Pipeline/Pipeline.php(170): Illuminate\\Queue\\CallQueuedHandler->Illuminate\\Queue\\{closure}(Object(App\\Jobs\\SendIvrCallJob))
#18 /var/www/html/vendor/laravel/framework/src/Illuminate/Pipeline/Pipeline.php(127): Illuminate\\Pipeline\\Pipeline->Illuminate\\Pipeline\\{closure}(Object(App\\Jobs\\SendIvrCallJob))
#19 /var/www/html/vendor/laravel/framework/src/Illuminate/Queue/CallQueuedHandler.php(121): Illuminate\\Pipeline\\Pipeline->then(Object(Closure))
#20 /var/www/html/vendor/laravel/framework/src/Illuminate/Queue/CallQueuedHandler.php(69): Illuminate\\Queue\\CallQueuedHandler->dispatchThroughMiddleware(Object(Illuminate\\Queue\\Jobs\\SyncJob), Object(App\\Jobs\\SendIvrCallJob))
#21 /var/www/html/vendor/laravel/framework/src/Illuminate/Queue/Jobs/Job.php(102): Illuminate\\Queue\\CallQueuedHandler->call(Object(Illuminate\\Queue\\Jobs\\SyncJob), Array)
#22 /var/www/html/vendor/laravel/framework/src/Illuminate/Queue/SyncQueue.php(76): Illuminate\\Queue\\Jobs\\Job->fire()
#23 /var/www/html/vendor/laravel/framework/src/Illuminate/Queue/SyncQueue.php(56): Illuminate\\Queue\\SyncQueue->executeJob(Object(App\\Jobs\\SendIvrCallJob), '', NULL)
#24 /var/www/html/vendor/laravel/framework/src/Illuminate/Bus/Dispatcher.php(244): Illuminate\\Queue\\SyncQueue->push(Object(App\\Jobs\\SendIvrCallJob), '', NULL)
#25 /var/www/html/vendor/laravel/framework/src/Illuminate/Bus/Dispatcher.php(228): Illuminate\\Bus\\Dispatcher->pushCommandToQueue(Object(Illuminate\\Queue\\SyncQueue), Object(App\\Jobs\\SendIvrCallJob))
#26 /var/www/html/vendor/laravel/framework/src/Illuminate/Bus/Dispatcher.php(77): Illuminate\\Bus\\Dispatcher->dispatchToQueue(Object(App\\Jobs\\SendIvrCallJob))
#27 /var/www/html/vendor/laravel/framework/src/Illuminate/Foundation/Bus/PendingDispatch.php(222): Illuminate\\Bus\\Dispatcher->dispatch(Object(App\\Jobs\\SendIvrCallJob))
#28 /var/www/html/vendor/laravel/framework/src/Illuminate/Foundation/Bus/Dispatchable.php(19): Illuminate\\Foundation\\Bus\\PendingDispatch->__destruct()
#29 /var/www/html/app/Console/Commands/ProcessDueIvrCalls.php(34): App\\Jobs\\SendIvrCallJob::dispatch(Object(App\\Models\\IvrCall))
#30 /var/www/html/vendor/laravel/framework/src/Illuminate/Container/BoundMethod.php(36): App\\Console\\Commands\\ProcessDueIvrCalls->handle()
#31 /var/www/html/vendor/laravel/framework/src/Illuminate/Container/Util.php(43): Illuminate\\Container\\BoundMethod::Illuminate\\Container\\{closure}()
#32 /var/www/html/vendor/laravel/framework/src/Illuminate/Container/BoundMethod.php(95): Illuminate\\Container\\Util::unwrapIfClosure(Object(Closure))
#33 /var/www/html/vendor/laravel/framework/src/Illuminate/Container/BoundMethod.php(35): Illuminate\\Container\\BoundMethod::callBoundMethod(Object(Illuminate\\Foundation\\Application), Array, Object(Closure))
#34 /var/www/html/vendor/laravel/framework/src/Illuminate/Container/Container.php(696): Illuminate\\Container\\BoundMethod::call(Object(Illuminate\\Foundation\\Application), Array, Array, NULL)
#35 /var/www/html/vendor/laravel/framework/src/Illuminate/Console/Command.php(213): Illuminate\\Container\\Container->call(Array)
#36 /var/www/html/vendor/symfony/console/Command/Command.php(341): Illuminate\\Console\\Command->execute(Object(Symfony\\Component\\Console\\Input\\ArgvInput), Object(Illuminate\\Console\\OutputStyle))
#37 /var/www/html/vendor/laravel/framework/src/Illuminate/Console/Command.php(182): Symfony\\Component\\Console\\Command\\Command->run(Object(Symfony\\Component\\Console\\Input\\ArgvInput), Object(Illuminate\\Console\\OutputStyle))
#38 /var/www/html/vendor/symfony/console/Application.php(1117): Illuminate\\Console\\Command->run(Object(Symfony\\Component\\Console\\Input\\ArgvInput), Object(Symfony\\Component\\Console\\Output\\ConsoleOutput))
#39 /var/www/html/vendor/symfony/console/Application.php(356): Symfony\\Component\\Console\\Application->doRunCommand(Object(App\\Console\\Commands\\ProcessDueIvrCalls), Object(Symfony\\Component\\Console\\Input\\ArgvInput), Object(Symfony\\Component\\Console\\Output\\ConsoleOutput))
#40 /var/www/html/vendor/symfony/console/Application.php(195): Symfony\\Component\\Console\\Application->doRun(Object(Symfony\\Component\\Console\\Input\\ArgvInput), Object(Symfony\\Component\\Console\\Output\\ConsoleOutput))
#41 /var/www/html/vendor/laravel/framework/src/Illuminate/Foundation/Console/Kernel.php(198): Symfony\\Component\\Console\\Application->run(Object(Symfony\\Component\\Console\\Input\\ArgvInput), Object(Symfony\\Component\\Console\\Output\\ConsoleOutput))
#42 /var/www/html/vendor/laravel/framework/src/Illuminate/Foundation/Application.php(1235): Illuminate\\Foundation\\Console\\Kernel->handle(Object(Symfony\\Component\\Console\\Input\\ArgvInput), Object(Symfony\\Component\\Console\\Output\\ConsoleOutput))
#43 /var/www/html/artisan(13): Illuminate\\Foundation\\Application->handleCommand(Object(Symfony\\Component\\Console\\Input\\ArgvInput))
#44 {main}
"} 
[2026-09-21 16:45:57] local.ERROR: Target [App\Services\Ivr\IvrGateway] is not instantiable while building [App\Console\Commands\ProcessDueIvrCalls, App\Jobs\SendIvrCallJob]. {"exception":"[object] (Illuminate\\Contracts\\Container\\BindingResolutionException(code: 0): Target [App\\Services\\Ivr\\IvrGateway] is not instantiable while building [App\\Console\\Commands\\ProcessDueIvrCalls, App\\Jobs\\SendIvrCallJob]. at /var/www/html/vendor/laravel/framework/src/Illuminate/Container/Container.php:1216)
[stacktrace]
#0 /var/www/html/vendor/laravel/framework/src/Illuminate/Container/Container.php(968): Illuminate\\Container\\Container->notInstantiable('App\\\\Services\\\\Iv...')
#1 /var/www/html/vendor/laravel/framework/src/Illuminate/Container/Container.php(832): Illuminate\\Container\\Container->build('App\\\\Services\\\\Iv...')
#2 /var/www/html/vendor/laravel/framework/src/Illuminate/Foundation/Application.php(1078): Illuminate\\Container\\Container->resolve('App\\\\Services\\\\Iv...', Array, true)
#3 /var/www/html/vendor/laravel/framework/src/Illuminate/Container/Container.php(763): Illuminate\\Foundation\\Application->resolve('App\\\\Services\\\\Iv...', Array)
#4 /var/www/html/vendor/laravel/framework/src/Illuminate/Foundation/Application.php(1058): Illuminate\\Container\\Container->make('App\\\\Services\\\\Iv...', Array)
#5 /var/www/html/vendor/laravel/framework/src/Illuminate/Container/BoundMethod.php(190): Illuminate\\Foundation\\Application->make('App\\\\Services\\\\Iv...')
#6 /var/www/html/vendor/laravel/framework/src/Illuminate/Container/BoundMethod.php(126): Illuminate\\Container\\BoundMethod::addDependencyForCallParameter(Object(Illuminate\\Foundation\\Application), Object(ReflectionParameter), Array, Array)
#7 /var/www/html/vendor/laravel/framework/src/Illuminate/Container/BoundMethod.php(36): Illuminate\\Container\\BoundMethod::getMethodDependencies(Object(Illuminate\\Foundation\\Application), Array, Array)
#8 /var/www/html/vendor/laravel/framework/src/Illuminate/Container/Util.php(43): Illuminate\\Container\\BoundMethod::Illuminate\\Container\\{closure}()
#9 /var/www/html/vendor/laravel/framework/src/Illuminate/Container/BoundMethod.php(95): Illuminate\\Container\\Util::unwrapIfClosure(Object(Closure))
#10 /var/www/html/vendor/laravel/framework/src/Illuminate/Container/BoundMethod.php(35): Illuminate\\Container\\BoundMethod::callBoundMethod(Object(Illuminate\\Foundation\\Application), Array, Object(Closure))
#11 /var/www/html/vendor/laravel/framework/src/Illuminate/Container/Container.php(696): Illuminate\\Container\\BoundMethod::call(Object(Illuminate\\Foundation\\Application), Array, Array, NULL)
#12 /var/www/html/vendor/laravel/framework/src/Illuminate/Bus/Dispatcher.php(126): Illuminate\\Container\\Container->call(Array)
#13 /var/www/html/vendor/laravel/framework/src/Illuminate/Pipeline/Pipeline.php(170): Illuminate\\Bus\\Dispatcher->Illuminate\\Bus\\{closure}(Object(App\\Jobs\\SendIvrCallJob))
#14 /var/www/html/vendor/laravel/framework/src/Illuminate/Pipeline/Pipeline.php(127): Illuminate\\Pipeline\\Pipeline->Illuminate\\Pipeline\\{closure}(Object(App\\Jobs\\SendIvrCallJob))
#15 /var/www/html/vendor/laravel/framework/src/Illuminate/Bus/Dispatcher.php(130): Illuminate\\Pipeline\\Pipeline->then(Object(Closure))
#16 /var/www/html/vendor/laravel/framework/src/Illuminate/Queue/CallQueuedHandler.php(126): Illuminate\\Bus\\Dispatcher->dispatchNow(Object(App\\Jobs\\SendIvrCallJob), false)
#17 /var/www/html/vendor/laravel/framework/src/Illuminate/Pipeline/Pipeline.php(170): Illuminate\\Queue\\CallQueuedHandler->Illuminate\\Queue\\{closure}(Object(App\\Jobs\\SendIvrCallJob))
#18 /var/www/html/vendor/laravel/framework/src/Illuminate/Pipeline/Pipeline.php(127): Illuminate\\Pipeline\\Pipeline->Illuminate\\Pipeline\\{closure}(Object(App\\Jobs\\SendIvrCallJob))
#19 /var/www/html/vendor/laravel/framework/src/Illuminate/Queue/CallQueuedHandler.php(121): Illuminate\\Pipeline\\Pipeline->then(Object(Closure))
#20 /var/www/html/vendor/laravel/framework/src/Illuminate/Queue/CallQueuedHandler.php(69): Illuminate\\Queue\\CallQueuedHandler->dispatchThroughMiddleware(Object(Illuminate\\Queue\\Jobs\\SyncJob), Object(App\\Jobs\\SendIvrCallJob))
#21 /var/www/html/vendor/laravel/framework/src/Illuminate/Queue/Jobs/Job.php(102): Illuminate\\Queue\\CallQueuedHandler->call(Object(Illuminate\\Queue\\Jobs\\SyncJob), Array)
#22 /var/www/html/vendor/laravel/framework/src/Illuminate/Queue/SyncQueue.php(76): Illuminate\\Queue\\Jobs\\Job->fire()
#23 /var/www/html/vendor/laravel/framework/src/Illuminate/Queue/SyncQueue.php(56): Illuminate\\Queue\\SyncQueue->executeJob(Object(App\\Jobs\\SendIvrCallJob), '', NULL)
#24 /var/www/html/vendor/laravel/framework/src/Illuminate/Bus/Dispatcher.php(244): Illuminate\\Queue\\SyncQueue->push(Object(App\\Jobs\\SendIvrCallJob), '', NULL)
#25 /var/www/html/vendor/laravel/framework/src/Illuminate/Bus/Dispatcher.php(228): Illuminate\\Bus\\Dispatcher->pushCommandToQueue(Object(Illuminate\\Queue\\SyncQueue), Object(App\\Jobs\\SendIvrCallJob))
#26 /var/www/html/vendor/laravel/framework/src/Illuminate/Bus/Dispatcher.php(77): Illuminate\\Bus\\Dispatcher->dispatchToQueue(Object(App\\Jobs\\SendIvrCallJob))
#27 /var/www/html/vendor/laravel/framework/src/Illuminate/Foundation/Bus/PendingDispatch.php(222): Illuminate\\Bus\\Dispatcher->dispatch(Object(App\\Jobs\\SendIvrCallJob))
#28 /var/www/html/vendor/laravel/framework/src/Illuminate/Foundation/Bus/Dispatchable.php(19): Illuminate\\Foundation\\Bus\\PendingDispatch->__destruct()
#29 /var/www/html/app/Console/Commands/ProcessDueIvrCalls.php(34): App\\Jobs\\SendIvrCallJob::dispatch(Object(App\\Models\\IvrCall))
#30 /var/www/html/vendor/laravel/framework/src/Illuminate/Container/BoundMethod.php(36): App\\Console\\Commands\\ProcessDueIvrCalls->handle()
#31 /var/www/html/vendor/laravel/framework/src/Illuminate/Container/Util.php(43): Illuminate\\Container\\BoundMethod::Illuminate\\Container\\{closure}()
#32 /var/www/html/vendor/laravel/framework/src/Illuminate/Container/BoundMethod.php(95): Illuminate\\Container\\Util::unwrapIfClosure(Object(Closure))
#33 /var/www/html/vendor/laravel/framework/src/Illuminate/Container/BoundMethod.php(35): Illuminate\\Container\\BoundMethod::callBoundMethod(Object(Illuminate\\Foundation\\Application), Array, Object(Closure))
#34 /var/www/html/vendor/laravel/framework/src/Illuminate/Container/Container.php(696): Illuminate\\Container\\BoundMethod::call(Object(Illuminate\\Foundation\\Application), Array, Array, NULL)
#35 /var/www/html/vendor/laravel/framework/src/Illuminate/Console/Command.php(213): Illuminate\\Container\\Container->call(Array)
#36 /var/www/html/vendor/symfony/console/Command/Command.php(341): Illuminate\\Console\\Command->execute(Object(Symfony\\Component\\Console\\Input\\ArgvInput), Object(Illuminate\\Console\\OutputStyle))
#37 /var/www/html/vendor/laravel/framework/src/Illuminate/Console/Command.php(182): Symfony\\Component\\Console\\Command\\Command->run(Object(Symfony\\Component\\Console\\Input\\ArgvInput), Object(Illuminate\\Console\\OutputStyle))
#38 /var/www/html/vendor/symfony/console/Application.php(1117): Illuminate\\Console\\Command->run(Object(Symfony\\Component\\Console\\Input\\ArgvInput), Object(Symfony\\Component\\Console\\Output\\ConsoleOutput))
#39 /var/www/html/vendor/symfony/console/Application.php(356): Symfony\\Component\\Console\\Application->doRunCommand(Object(App\\Console\\Commands\\ProcessDueIvrCalls), Object(Symfony\\Component\\Console\\Input\\ArgvInput), Object(Symfony\\Component\\Console\\Output\\ConsoleOutput))
#40 /var/www/html/vendor/symfony/console/Application.php(195): Symfony\\Component\\Console\\Application->doRun(Object(Symfony\\Component\\Console\\Input\\ArgvInput), Object(Symfony\\Component\\Console\\Output\\ConsoleOutput))
#41 /var/www/html/vendor/laravel/framework/src/Illuminate/Foundation/Console/Kernel.php(198): Symfony\\Component\\Console\\Application->run(Object(Symfony\\Component\\Console\\Input\\ArgvInput), Object(Symfony\\Component\\Console\\Output\\ConsoleOutput))
#42 /var/www/html/vendor/laravel/framework/src/Illuminate/Foundation/Application.php(1235): Illuminate\\Foundation\\Console\\Kernel->handle(Object(Symfony\\Component\\Console\\Input\\ArgvInput), Object(Symfony\\Component\\Console\\Output\\ConsoleOutput))
#43 /var/www/html/artisan(13): Illuminate\\Foundation\\Application->handleCommand(Object(Symfony\\Component\\Console\\Input\\ArgvInput))
#44 {main}
"} 
[2026-09-21 16:50:59] local.ERROR: Target [App\Services\Ivr\IvrGateway] is not instantiable while building [App\Console\Commands\ProcessDueIvrCalls, App\Jobs\SendIvrCallJob]. {"exception":"[object] (Illuminate\\Contracts\\Container\\BindingResolutionException(code: 0): Target [App\\Services\\Ivr\\IvrGateway] is not instantiable while building [App\\Console\\Commands\\ProcessDueIvrCalls, App\\Jobs\\SendIvrCallJob]. at /var/www/html/vendor/laravel/framework/src/Illuminate/Container/Container.php:1216)
[stacktrace]
#0 /var/www/html/vendor/laravel/framework/src/Illuminate/Container/Container.php(968): Illuminate\\Container\\Container->notInstantiable('App\\\\Services\\\\Iv...')
#1 /var/www/html/vendor/laravel/framework/src/Illuminate/Container/Container.php(832): Illuminate\\Container\\Container->build('App\\\\Services\\\\Iv...')
#2 /var/www/html/vendor/laravel/framework/src/Illuminate/Foundation/Application.php(1078): Illuminate\\Container\\Container->resolve('App\\\\Services\\\\Iv...', Array, true)
#3 /var/www/html/vendor/laravel/framework/src/Illuminate/Container/Container.php(763): Illuminate\\Foundation\\Application->resolve('App\\\\Services\\\\Iv...', Array)
#4 /var/www/html/vendor/laravel/framework/src/Illuminate/Foundation/Application.php(1058): Illuminate\\Container\\Container->make('App\\\\Services\\\\Iv...', Array)
#5 /var/www/html/vendor/laravel/framework/src/Illuminate/Container/BoundMethod.php(190): Illuminate\\Foundation\\Application->make('App\\\\Services\\\\Iv...')
#6 /var/www/html/vendor/laravel/framework/src/Illuminate/Container/BoundMethod.php(126): Illuminate\\Container\\BoundMethod::addDependencyForCallParameter(Object(Illuminate\\Foundation\\Application), Object(ReflectionParameter), Array, Array)
#7 /var/www/html/vendor/laravel/framework/src/Illuminate/Container/BoundMethod.php(36): Illuminate\\Container\\BoundMethod::getMethodDependencies(Object(Illuminate\\Foundation\\Application), Array, Array)
#8 /var/www/html/vendor/laravel/framework/src/Illuminate/Container/Util.php(43): Illuminate\\Container\\BoundMethod::Illuminate\\Container\\{closure}()
#9 /var/www/html/vendor/laravel/framework/src/Illuminate/Container/BoundMethod.php(95): Illuminate\\Container\\Util::unwrapIfClosure(Object(Closure))
#10 /var/www/html/vendor/laravel/framework/src/Illuminate/Container/BoundMethod.php(35): Illuminate\\Container\\BoundMethod::callBoundMethod(Object(Illuminate\\Foundation\\Application), Array, Object(Closure))
#11 /var/www/html/vendor/laravel/framework/src/Illuminate/Container/Container.php(696): Illuminate\\Container\\BoundMethod::call(Object(Illuminate\\Foundation\\Application), Array, Array, NULL)
#12 /var/www/html/vendor/laravel/framework/src/Illuminate/Bus/Dispatcher.php(126): Illuminate\\Container\\Container->call(Array)
#13 /var/www/html/vendor/laravel/framework/src/Illuminate/Pipeline/Pipeline.php(170): Illuminate\\Bus\\Dispatcher->Illuminate\\Bus\\{closure}(Object(App\\Jobs\\SendIvrCallJob))
#14 /var/www/html/vendor/laravel/framework/src/Illuminate/Pipeline/Pipeline.php(127): Illuminate\\Pipeline\\Pipeline->Illuminate\\Pipeline\\{closure}(Object(App\\Jobs\\SendIvrCallJob))
#15 /var/www/html/vendor/laravel/framework/src/Illuminate/Bus/Dispatcher.php(130): Illuminate\\Pipeline\\Pipeline->then(Object(Closure))
#16 /var/www/html/vendor/laravel/framework/src/Illuminate/Queue/CallQueuedHandler.php(126): Illuminate\\Bus\\Dispatcher->dispatchNow(Object(App\\Jobs\\SendIvrCallJob), false)
#17 /var/www/html/vendor/laravel/framework/src/Illuminate/Pipeline/Pipeline.php(170): Illuminate\\Queue\\CallQueuedHandler->Illuminate\\Queue\\{closure}(Object(App\\Jobs\\SendIvrCallJob))
#18 /var/www/html/vendor/laravel/framework/src/Illuminate/Pipeline/Pipeline.php(127): Illuminate\\Pipeline\\Pipeline->Illuminate\\Pipeline\\{closure}(Object(App\\Jobs\\SendIvrCallJob))
#19 /var/www/html/vendor/laravel/framework/src/Illuminate/Queue/CallQueuedHandler.php(121): Illuminate\\Pipeline\\Pipeline->then(Object(Closure))
#20 /var/www/html/vendor/laravel/framework/src/Illuminate/Queue/CallQueuedHandler.php(69): Illuminate\\Queue\\CallQueuedHandler->dispatchThroughMiddleware(Object(Illuminate\\Queue\\Jobs\\SyncJob), Object(App\\Jobs\\SendIvrCallJob))
#21 /var/www/html/vendor/laravel/framework/src/Illuminate/Queue/Jobs/Job.php(102): Illuminate\\Queue\\CallQueuedHandler->call(Object(Illuminate\\Queue\\Jobs\\SyncJob), Array)
#22 /var/www/html/vendor/laravel/framework/src/Illuminate/Queue/SyncQueue.php(76): Illuminate\\Queue\\Jobs\\Job->fire()
#23 /var/www/html/vendor/laravel/framework/src/Illuminate/Queue/SyncQueue.php(56): Illuminate\\Queue\\SyncQueue->executeJob(Object(App\\Jobs\\SendIvrCallJob), '', NULL)
#24 /var/www/html/vendor/laravel/framework/src/Illuminate/Bus/Dispatcher.php(244): Illuminate\\Queue\\SyncQueue->push(Object(App\\Jobs\\SendIvrCallJob), '', NULL)
#25 /var/www/html/vendor/laravel/framework/src/Illuminate/Bus/Dispatcher.php(228): Illuminate\\Bus\\Dispatcher->pushCommandToQueue(Object(Illuminate\\Queue\\SyncQueue), Object(App\\Jobs\\SendIvrCallJob))
#26 /var/www/html/vendor/laravel/framework/src/Illuminate/Bus/Dispatcher.php(77): Illuminate\\Bus\\Dispatcher->dispatchToQueue(Object(App\\Jobs\\SendIvrCallJob))
#27 /var/www/html/vendor/laravel/framework/src/Illuminate/Foundation/Bus/PendingDispatch.php(222): Illuminate\\Bus\\Dispatcher->dispatch(Object(App\\Jobs\\SendIvrCallJob))
#28 /var/www/html/vendor/laravel/framework/src/Illuminate/Foundation/Bus/Dispatchable.php(19): Illuminate\\Foundation\\Bus\\PendingDispatch->__destruct()
#29 /var/www/html/app/Console/Commands/ProcessDueIvrCalls.php(34): App\\Jobs\\SendIvrCallJob::dispatch(Object(App\\Models\\IvrCall))
#30 /var/www/html/vendor/laravel/framework/src/Illuminate/Container/BoundMethod.php(36): App\\Console\\Commands\\ProcessDueIvrCalls->handle()
#31 /var/www/html/vendor/laravel/framework/src/Illuminate/Container/Util.php(43): Illuminate\\Container\\BoundMethod::Illuminate\\Container\\{closure}()
#32 /var/www/html/vendor/laravel/framework/src/Illuminate/Container/BoundMethod.php(95): Illuminate\\Container\\Util::unwrapIfClosure(Object(Closure))
#33 /var/www/html/vendor/laravel/framework/src/Illuminate/Container/BoundMethod.php(35): Illuminate\\Container\\BoundMethod::callBoundMethod(Object(Illuminate\\Foundation\\Application), Array, Object(Closure))
#34 /var/www/html/vendor/laravel/framework/src/Illuminate/Container/Container.php(696): Illuminate\\Container\\BoundMethod::call(Object(Illuminate\\Foundation\\Application), Array, Array, NULL)
#35 /var/www/html/vendor/laravel/framework/src/Illuminate/Console/Command.php(213): Illuminate\\Container\\Container->call(Array)
#36 /var/www/html/vendor/symfony/console/Command/Command.php(341): Illuminate\\Console\\Command->execute(Object(Symfony\\Component\\Console\\Input\\ArgvInput), Object(Illuminate\\Console\\OutputStyle))
#37 /var/www/html/vendor/laravel/framework/src/Illuminate/Console/Command.php(182): Symfony\\Component\\Console\\Command\\Command->run(Object(Symfony\\Component\\Console\\Input\\ArgvInput), Object(Illuminate\\Console\\OutputStyle))
#38 /var/www/html/vendor/symfony/console/Application.php(1117): Illuminate\\Console\\Command->run(Object(Symfony\\Component\\Console\\Input\\ArgvInput), Object(Symfony\\Component\\Console\\Output\\ConsoleOutput))
#39 /var/www/html/vendor/symfony/console/Application.php(356): Symfony\\Component\\Console\\Application->doRunCommand(Object(App\\Console\\Commands\\ProcessDueIvrCalls), Object(Symfony\\Component\\Console\\Input\\ArgvInput), Object(Symfony\\Component\\Console\\Output\\ConsoleOutput))
#40 /var/www/html/vendor/symfony/console/Application.php(195): Symfony\\Component\\Console\\Application->doRun(Object(Symfony\\Component\\Console\\Input\\ArgvInput), Object(Symfony\\Component\\Console\\Output\\ConsoleOutput))
#41 /var/www/html/vendor/laravel/framework/src/Illuminate/Foundation/Console/Kernel.php(198): Symfony\\Component\\Console\\Application->run(Object(Symfony\\Component\\Console\\Input\\ArgvInput), Object(Symfony\\Component\\Console\\Output\\ConsoleOutput))
#42 /var/www/html/vendor/laravel/framework/src/Illuminate/Foundation/Application.php(1235): Illuminate\\Foundation\\Console\\Kernel->handle(Object(Symfony\\Component\\Console\\Input\\ArgvInput), Object(Symfony\\Component\\Console\\Output\\ConsoleOutput))
#43 /var/www/html/artisan(13): Illuminate\\Foundation\\Application->handleCommand(Object(Symfony\\Component\\Console\\Input\\ArgvInput))
#44 {main}
"} 
[2026-09-21 16:52:42] local.ERROR: Call to a member function currentAccessToken() on null {"exception":"[object] (Error(code: 0): Call to a member function currentAccessToken() on null at /var/www/html/app/Http/Controllers/Api/Mobile/AuthController.php:73)
[stacktrace]
#0 /var/www/html/vendor/laravel/framework/src/Illuminate/Routing/ControllerDispatcher.php(47): App\\Http\\Controllers\\Api\\Mobile\\AuthController->logout(Object(Illuminate\\Http\\Request))
#1 /var/www/html/vendor/laravel/framework/src/Illuminate/Routing/Route.php(266): Illuminate\\Routing\\ControllerDispatcher->dispatch(Object(Illuminate\\Routing\\Route), Object(App\\Http\\Controllers\\Api\\Mobile\\AuthController), 'logout')
#2 /var/www/html/vendor/laravel/framework/src/Illuminate/Routing/Route.php(212): Illuminate\\Routing\\Route->runController()
#3 /var/www/html/vendor/laravel/framework/src/Illuminate/Routing/Router.php(808): Illuminate\\Routing\\Route->run()
#4 /var/www/html/vendor/laravel/framework/src/Illuminate/Pipeline/Pipeline.php(170): Illuminate\\Routing\\Router->Illuminate\\Routing\\{closure}(Object(Illuminate\\Http\\Request))
#5 /var/www/html/vendor/laravel/framework/src/Illuminate/Routing/Middleware/SubstituteBindings.php(51): Illuminate\\Pipeline\\Pipeline->Illuminate\\Pipeline\\{closure}(Object(Illuminate\\Http\\Request))
#6 /var/www/html/vendor/laravel/framework/src/Illuminate/Pipeline/Pipeline.php(209): Illuminate\\Routing\\Middleware\\SubstituteBindings->handle(Object(Illuminate\\Http\\Request), Object(Closure))
#7 /var/www/html/vendor/laravel/framework/src/Illuminate/Pipeline/Pipeline.php(127): Illuminate\\Pipeline\\Pipeline->Illuminate\\Pipeline\\{closure}(Object(Illuminate\\Http\\Request))
#8 /var/www/html/vendor/laravel/framework/src/Illuminate/Routing/Router.php(807): Illuminate\\Pipeline\\Pipeline->then(Object(Closure))
#9 /var/www/html/vendor/laravel/framework/src/Illuminate/Routing/Router.php(786): Illuminate\\Routing\\Router->runRouteWithinStack(Object(Illuminate\\Routing\\Route), Object(Illuminate\\Http\\Request))
#10 /var/www/html/vendor/laravel/framework/src/Illuminate/Routing/Router.php(750): Illuminate\\Routing\\Router->runRoute(Object(Illuminate\\Http\\Request), Object(Illuminate\\Routing\\Route))
#11 /var/www/html/vendor/laravel/framework/src/Illuminate/Routing/Router.php(739): Illuminate\\Routing\\Router->dispatchToRoute(Object(Illuminate\\Http\\Request))
#12 /var/www/html/vendor/laravel/framework/src/Illuminate/Foundation/Http/Kernel.php(201): Illuminate\\Routing\\Router->dispatch(Object(Illuminate\\Http\\Request))
#13 /var/www/html/vendor/laravel/framework/src/Illuminate/Pipeline/Pipeline.php(170): Illuminate\\Foundation\\Http\\Kernel->Illuminate\\Foundation\\Http\\{closure}(Object(Illuminate\\Http\\Request))
#14 /var/www/html/vendor/laravel/framework/src/Illuminate/Foundation/Http/Middleware/TransformsRequest.php(21): Illuminate\\Pipeline\\Pipeline->Illuminate\\Pipeline\\{closure}(Object(Illuminate\\Http\\Request))
#15 /var/www/html/vendor/laravel/framework/src/Illuminate/Foundation/Http/Middleware/ConvertEmptyStringsToNull.php(31): Illuminate\\Foundation\\Http\\Middleware\\TransformsRequest->handle(Object(Illuminate\\Http\\Request), Object(Closure))
#16 /var/www/html/vendor/laravel/framework/src/Illuminate/Pipeline/Pipeline.php(209): Illuminate\\Foundation\\Http\\Middleware\\ConvertEmptyStringsToNull->handle(Object(Illuminate\\Http\\Request), Object(Closure))
#17 /var/www/html/vendor/laravel/framework/src/Illuminate/Foundation/Http/Middleware/TransformsRequest.php(21): Illuminate\\Pipeline\\Pipeline->Illuminate\\Pipeline\\{closure}(Object(Illuminate\\Http\\Request))
#18 /var/www/html/vendor/laravel/framework/src/Illuminate/Foundation/Http/Middleware/TrimStrings.php(51): Illuminate\\Foundation\\Http\\Middleware\\TransformsRequest->handle(Object(Illuminate\\Http\\Request), Object(Closure))
#19 /var/www/html/vendor/laravel/framework/src/Illuminate/Pipeline/Pipeline.php(209): Illuminate\\Foundation\\Http\\Middleware\\TrimStrings->handle(Object(Illuminate\\Http\\Request), Object(Closure))
#20 /var/www/html/vendor/laravel/framework/src/Illuminate/Http/Middleware/ValidatePostSize.php(27): Illuminate\\Pipeline\\Pipeline->Illuminate\\Pipeline\\{closure}(Object(Illuminate\\Http\\Request))
#21 /var/www/html/vendor/laravel/framework/src/Illuminate/Pipeline/Pipeline.php(209): Illuminate\\Http\\Middleware\\ValidatePostSize->handle(Object(Illuminate\\Http\\Request), Object(Closure))
#22 /var/www/html/vendor/laravel/framework/src/Illuminate/Foundation/Http/Middleware/PreventRequestsDuringMaintenance.php(110): Illuminate\\Pipeline\\Pipeline->Illuminate\\Pipeline\\{closure}(Object(Illuminate\\Http\\Request))
#23 /var/www/html/vendor/laravel/framework/src/Illuminate/Pipeline/Pipeline.php(209): Illuminate\\Foundation\\Http\\Middleware\\PreventRequestsDuringMaintenance->handle(Object(Illuminate\\Http\\Request), Object(Closure))
#24 /var/www/html/vendor/laravel/framework/src/Illuminate/Http/Middleware/HandleCors.php(62): Illuminate\\Pipeline\\Pipeline->Illuminate\\Pipeline\\{closure}(Object(Illuminate\\Http\\Request))
#25 /var/www/html/vendor/laravel/framework/src/Illuminate/Pipeline/Pipeline.php(209): Illuminate\\Http\\Middleware\\HandleCors->handle(Object(Illuminate\\Http\\Request), Object(Closure))
#26 /var/www/html/vendor/laravel/framework/src/Illuminate/Http/Middleware/TrustProxies.php(58): Illuminate\\Pipeline\\Pipeline->Illuminate\\Pipeline\\{closure}(Object(Illuminate\\Http\\Request))
#27 /var/www/html/vendor/laravel/framework/src/Illuminate/Pipeline/Pipeline.php(209): Illuminate\\Http\\Middleware\\TrustProxies->handle(Object(Illuminate\\Http\\Request), Object(Closure))
#28 /var/www/html/vendor/laravel/framework/src/Illuminate/Foundation/Http/Middleware/InvokeDeferredCallbacks.php(22): Illuminate\\Pipeline\\Pipeline->Illuminate\\Pipeline\\{closure}(Object(Illuminate\\Http\\Request))
#29 /var/www/html/vendor/laravel/framework/src/Illuminate/Pipeline/Pipeline.php(209): Illuminate\\Foundation\\Http\\Middleware\\InvokeDeferredCallbacks->handle(Object(Illuminate\\Http\\Request), Object(Closure))
#30 /var/www/html/vendor/laravel/framework/src/Illuminate/Pipeline/Pipeline.php(127): Illuminate\\Pipeline\\Pipeline->Illuminate\\Pipeline\\{closure}(Object(Illuminate\\Http\\Request))
#31 /var/www/html/vendor/laravel/framework/src/Illuminate/Foundation/Http/Kernel.php(176): Illuminate\\Pipeline\\Pipeline->then(Object(Closure))
#32 /var/www/html/vendor/laravel/framework/src/Illuminate/Foundation/Http/Kernel.php(145): Illuminate\\Foundation\\Http\\Kernel->sendRequestThroughRouter(Object(Illuminate\\Http\\Request))
#33 /var/www/html/vendor/laravel/framework/src/Illuminate/Foundation/Application.php(1220): Illuminate\\Foundation\\Http\\Kernel->handle(Object(Illuminate\\Http\\Request))
#34 /var/www/html/public/index.php(17): Illuminate\\Foundation\\Application->handleRequest(Object(Illuminate\\Http\\Request))
#35 {main}
"} 
[2026-09-21 16:55:01] local.ERROR: Target [App\Services\Ivr\IvrGateway] is not instantiable while building [App\Console\Commands\ProcessDueIvrCalls, App\Jobs\SendIvrCallJob]. {"exception":"[object] (Illuminate\\Contracts\\Container\\BindingResolutionException(code: 0): Target [App\\Services\\Ivr\\IvrGateway] is not instantiable while building [App\\Console\\Commands\\ProcessDueIvrCalls, App\\Jobs\\SendIvrCallJob]. at /var/www/html/vendor/laravel/framework/src/Illuminate/Container/Container.php:1216)
[stacktrace]
#0 /var/www/html/vendor/laravel/framework/src/Illuminate/Container/Container.php(968): Illuminate\\Container\\Container->notInstantiable('App\\\\Services\\\\Iv...')
#1 /var/www/html/vendor/laravel/framework/src/Illuminate/Container/Container.php(832): Illuminate\\Container\\Container->build('App\\\\Services\\\\Iv...')
#2 /var/www/html/vendor/laravel/framework/src/Illuminate/Foundation/Application.php(1078): Illuminate\\Container\\Container->resolve('App\\\\Services\\\\Iv...', Array, true)
#3 /var/www/html/vendor/laravel/framework/src/Illuminate/Container/Container.php(763): Illuminate\\Foundation\\Application->resolve('App\\\\Services\\\\Iv...', Array)
#4 /var/www/html/vendor/laravel/framework/src/Illuminate/Foundation/Application.php(1058): Illuminate\\Container\\Container->make('App\\\\Services\\\\Iv...', Array)
#5 /var/www/html/vendor/laravel/framework/src/Illuminate/Container/BoundMethod.php(190): Illuminate\\Foundation\\Application->make('App\\\\Services\\\\Iv...')
#6 /var/www/html/vendor/laravel/framework/src/Illuminate/Container/BoundMethod.php(126): Illuminate\\Container\\BoundMethod::addDependencyForCallParameter(Object(Illuminate\\Foundation\\Application), Object(ReflectionParameter), Array, Array)
#7 /var/www/html/vendor/laravel/framework/src/Illuminate/Container/BoundMethod.php(36): Illuminate\\Container\\BoundMethod::getMethodDependencies(Object(Illuminate\\Foundation\\Application), Array, Array)
#8 /var/www/html/vendor/laravel/framework/src/Illuminate/Container/Util.php(43): Illuminate\\Container\\BoundMethod::Illuminate\\Container\\{closure}()
#9 /var/www/html/vendor/laravel/framework/src/Illuminate/Container/BoundMethod.php(95): Illuminate\\Container\\Util::unwrapIfClosure(Object(Closure))
#10 /var/www/html/vendor/laravel/framework/src/Illuminate/Container/BoundMethod.php(35): Illuminate\\Container\\BoundMethod::callBoundMethod(Object(Illuminate\\Foundation\\Application), Array, Object(Closure))
#11 /var/www/html/vendor/laravel/framework/src/Illuminate/Container/Container.php(696): Illuminate\\Container\\BoundMethod::call(Object(Illuminate\\Foundation\\Application), Array, Array, NULL)
#12 /var/www/html/vendor/laravel/framework/src/Illuminate/Bus/Dispatcher.php(126): Illuminate\\Container\\Container->call(Array)
#13 /var/www/html/vendor/laravel/framework/src/Illuminate/Pipeline/Pipeline.php(170): Illuminate\\Bus\\Dispatcher->Illuminate\\Bus\\{closure}(Object(App\\Jobs\\SendIvrCallJob))
#14 /var/www/html/vendor/laravel/framework/src/Illuminate/Pipeline/Pipeline.php(127): Illuminate\\Pipeline\\Pipeline->Illuminate\\Pipeline\\{closure}(Object(App\\Jobs\\SendIvrCallJob))
#15 /var/www/html/vendor/laravel/framework/src/Illuminate/Bus/Dispatcher.php(130): Illuminate\\Pipeline\\Pipeline->then(Object(Closure))
#16 /var/www/html/vendor/laravel/framework/src/Illuminate/Queue/CallQueuedHandler.php(126): Illuminate\\Bus\\Dispatcher->dispatchNow(Object(App\\Jobs\\SendIvrCallJob), false)
#17 /var/www/html/vendor/laravel/framework/src/Illuminate/Pipeline/Pipeline.php(170): Illuminate\\Queue\\CallQueuedHandler->Illuminate\\Queue\\{closure}(Object(App\\Jobs\\SendIvrCallJob))
#18 /var/www/html/vendor/laravel/framework/src/Illuminate/Pipeline/Pipeline.php(127): Illuminate\\Pipeline\\Pipeline->Illuminate\\Pipeline\\{closure}(Object(App\\Jobs\\SendIvrCallJob))
#19 /var/www/html/vendor/laravel/framework/src/Illuminate/Queue/CallQueuedHandler.php(121): Illuminate\\Pipeline\\Pipeline->then(Object(Closure))
#20 /var/www/html/vendor/laravel/framework/src/Illuminate/Queue/CallQueuedHandler.php(69): Illuminate\\Queue\\CallQueuedHandler->dispatchThroughMiddleware(Object(Illuminate\\Queue\\Jobs\\SyncJob), Object(App\\Jobs\\SendIvrCallJob))
#21 /var/www/html/vendor/laravel/framework/src/Illuminate/Queue/Jobs/Job.php(102): Illuminate\\Queue\\CallQueuedHandler->call(Object(Illuminate\\Queue\\Jobs\\SyncJob), Array)
#22 /var/www/html/vendor/laravel/framework/src/Illuminate/Queue/SyncQueue.php(76): Illuminate\\Queue\\Jobs\\Job->fire()
#23 /var/www/html/vendor/laravel/framework/src/Illuminate/Queue/SyncQueue.php(56): Illuminate\\Queue\\SyncQueue->executeJob(Object(App\\Jobs\\SendIvrCallJob), '', NULL)
#24 /var/www/html/vendor/laravel/framework/src/Illuminate/Bus/Dispatcher.php(244): Illuminate\\Queue\\SyncQueue->push(Object(App\\Jobs\\SendIvrCallJob), '', NULL)
#25 /var/www/html/vendor/laravel/framework/src/Illuminate/Bus/Dispatcher.php(228): Illuminate\\Bus\\Dispatcher->pushCommandToQueue(Object(Illuminate\\Queue\\SyncQueue), Object(App\\Jobs\\SendIvrCallJob))
#26 /var/www/html/vendor/laravel/framework/src/Illuminate/Bus/Dispatcher.php(77): Illuminate\\Bus\\Dispatcher->dispatchToQueue(Object(App\\Jobs\\SendIvrCallJob))
#27 /var/www/html/vendor/laravel/framework/src/Illuminate/Foundation/Bus/PendingDispatch.php(222): Illuminate\\Bus\\Dispatcher->dispatch(Object(App\\Jobs\\SendIvrCallJob))
#28 /var/www/html/vendor/laravel/framework/src/Illuminate/Foundation/Bus/Dispatchable.php(19): Illuminate\\Foundation\\Bus\\PendingDispatch->__destruct()
#29 /var/www/html/app/Console/Commands/ProcessDueIvrCalls.php(34): App\\Jobs\\SendIvrCallJob::dispatch(Object(App\\Models\\IvrCall))
#30 /var/www/html/vendor/laravel/framework/src/Illuminate/Container/BoundMethod.php(36): App\\Console\\Commands\\ProcessDueIvrCalls->handle()
#31 /var/www/html/vendor/laravel/framework/src/Illuminate/Container/Util.php(43): Illuminate\\Container\\BoundMethod::Illuminate\\Container\\{closure}()
#32 /var/www/html/vendor/laravel/framework/src/Illuminate/Container/BoundMethod.php(95): Illuminate\\Container\\Util::unwrapIfClosure(Object(Closure))
#33 /var/www/html/vendor/laravel/framework/src/Illuminate/Container/BoundMethod.php(35): Illuminate\\Container\\BoundMethod::callBoundMethod(Object(Illuminate\\Foundation\\Application), Array, Object(Closure))
#34 /var/www/html/vendor/laravel/framework/src/Illuminate/Container/Container.php(696): Illuminate\\Container\\BoundMethod::call(Object(Illuminate\\Foundation\\Application), Array, Array, NULL)
#35 /var/www/html/vendor/laravel/framework/src/Illuminate/Console/Command.php(213): Illuminate\\Container\\Container->call(Array)
#36 /var/www/html/vendor/symfony/console/Command/Command.php(341): Illuminate\\Console\\Command->execute(Object(Symfony\\Component\\Console\\Input\\ArgvInput), Object(Illuminate\\Console\\OutputStyle))
#37 /var/www/html/vendor/laravel/framework/src/Illuminate/Console/Command.php(182): Symfony\\Component\\Console\\Command\\Command->run(Object(Symfony\\Component\\Console\\Input\\ArgvInput), Object(Illuminate\\Console\\OutputStyle))
#38 /var/www/html/vendor/symfony/console/Application.php(1117): Illuminate\\Console\\Command->run(Object(Symfony\\Component\\Console\\Input\\ArgvInput), Object(Symfony\\Component\\Console\\Output\\ConsoleOutput))
#39 /var/www/html/vendor/symfony/console/Application.php(356): Symfony\\Component\\Console\\Application->doRunCommand(Object(App\\Console\\Commands\\ProcessDueIvrCalls), Object(Symfony\\Component\\Console\\Input\\ArgvInput), Object(Symfony\\Component\\Console\\Output\\ConsoleOutput))
#40 /var/www/html/vendor/symfony/console/Application.php(195): Symfony\\Component\\Console\\Application->doRun(Object(Symfony\\Component\\Console\\Input\\ArgvInput), Object(Symfony\\Component\\Console\\Output\\ConsoleOutput))
#41 /var/www/html/vendor/laravel/framework/src/Illuminate/Foundation/Console/Kernel.php(198): Symfony\\Component\\Console\\Application->run(Object(Symfony\\Component\\Console\\Input\\ArgvInput), Object(Symfony\\Component\\Console\\Output\\ConsoleOutput))
#42 /var/www/html/vendor/laravel/framework/src/Illuminate/Foundation/Application.php(1235): Illuminate\\Foundation\\Console\\Kernel->handle(Object(Symfony\\Component\\Console\\Input\\ArgvInput), Object(Symfony\\Component\\Console\\Output\\ConsoleOutput))
#43 /var/www/html/artisan(13): Illuminate\\Foundation\\Application->handleCommand(Object(Symfony\\Component\\Console\\Input\\ArgvInput))
#44 {main}
"} 
[2026-09-21 16:57:39] local.ERROR: Failed to authenticate on SMTP server with username "your-email@gmail.com" using the following authenticators: "LOGIN", "PLAIN", "XOAUTH2". Authenticator "LOGIN" returned "Expected response code "235" but got code "535", with message "535-5.7.8 Username and Password not accepted. For more information, go to
535 5.7.8  https://support.google.com/mail/?p=BadCredentials ffacd0b85a97d-4872446067asm22076718f8f.12 - gsmtp".". Authenticator "PLAIN" returned "Expected response code "235" but got code "535", with message "535-5.7.8 Username and Password not accepted. For more information, go to
535 5.7.8  https://support.google.com/mail/?p=BadCredentials ffacd0b85a97d-4872446067asm22076718f8f.12 - gsmtp".". Authenticator "XOAUTH2" returned "Expected response code "235" but got code "334", with message "334 eyJzdGF0dXMiOiI0MDAiLCJzY2hlbWVzIjoiQmVhcmVyIiwic2NvcGUiOiJodHRwczovL21haWwuZ29vZ2xlLmNvbS8ifQ==".". {"userId":1,"exception":"[object] (Symfony\\Component\\Mailer\\Exception\\TransportException(code: 334): Failed to authenticate on SMTP server with username \"your-email@gmail.com\" using the following authenticators: \"LOGIN\", \"PLAIN\", \"XOAUTH2\". Authenticator \"LOGIN\" returned \"Expected response code \"235\" but got code \"535\", with message \"535-5.7.8 Username and Password not accepted. For more information, go to

535 5.7.8  https://support.google.com/mail/?p=BadCredentials ffacd0b85a97d-4872446067asm22076718f8f.12 - gsmtp\".\". Authenticator \"PLAIN\" returned \"Expected response code \"235\" but got code \"535\", with message \"535-5.7.8 Username and Password not accepted. For more information, go to

535 5.7.8  https://support.google.com/mail/?p=BadCredentials ffacd0b85a97d-4872446067asm22076718f8f.12 - gsmtp\".\". Authenticator \"XOAUTH2\" returned \"Expected response code \"235\" but got code \"334\", with message \"334 eyJzdGF0dXMiOiI0MDAiLCJzY2hlbWVzIjoiQmVhcmVyIiwic2NvcGUiOiJodHRwczovL21haWwuZ29vZ2xlLmNvbS8ifQ==\".\". at /var/www/html/vendor/symfony/mailer/Transport/Smtp/EsmtpTransport.php:269)
[stacktrace]
#0 /var/www/html/vendor/symfony/mailer/Transport/Smtp/EsmtpTransport.php(199): Symfony\\Component\\Mailer\\Transport\\Smtp\\EsmtpTransport->handleAuth(Array)
#1 /var/www/html/vendor/symfony/mailer/Transport/Smtp/EsmtpTransport.php(150): Symfony\\Component\\Mailer\\Transport\\Smtp\\EsmtpTransport->doEhloCommand()
#2 /var/www/html/vendor/symfony/mailer/Transport/Smtp/SmtpTransport.php(248): Symfony\\Component\\Mailer\\Transport\\Smtp\\EsmtpTransport->executeCommand('HELO localhost\\r...', Array)
#3 /var/www/html/vendor/symfony/mailer/Transport/Smtp/SmtpTransport.php(274): Symfony\\Component\\Mailer\\Transport\\Smtp\\SmtpTransport->doHeloCommand()
#4 /var/www/html/vendor/symfony/mailer/Transport/Smtp/SmtpTransport.php(204): Symfony\\Component\\Mailer\\Transport\\Smtp\\SmtpTransport->start()
#5 /var/www/html/vendor/symfony/mailer/Transport/AbstractTransport.php(69): Symfony\\Component\\Mailer\\Transport\\Smtp\\SmtpTransport->doSend(Object(Symfony\\Component\\Mailer\\SentMessage))
#6 /var/www/html/vendor/symfony/mailer/Transport/Smtp/SmtpTransport.php(142): Symfony\\Component\\Mailer\\Transport\\AbstractTransport->send(Object(Symfony\\Component\\Mime\\Email), Object(Symfony\\Component\\Mailer\\DelayedEnvelope))
#7 /var/www/html/vendor/laravel/framework/src/Illuminate/Mail/Mailer.php(585): Symfony\\Component\\Mailer\\Transport\\Smtp\\SmtpTransport->send(Object(Symfony\\Component\\Mime\\Email), Object(Symfony\\Component\\Mailer\\DelayedEnvelope))
#8 /var/www/html/vendor/laravel/framework/src/Illuminate/Mail/Mailer.php(332): Illuminate\\Mail\\Mailer->sendSymfonyMessage(Object(Symfony\\Component\\Mime\\Email))
#9 /var/www/html/vendor/laravel/framework/src/Illuminate/Mail/Mailable.php(207): Illuminate\\Mail\\Mailer->send('emails.payment-...', Array, Object(Closure))
#10 /var/www/html/vendor/laravel/framework/src/Illuminate/Support/Traits/Localizable.php(19): Illuminate\\Mail\\Mailable->Illuminate\\Mail\\{closure}()
#11 /var/www/html/vendor/laravel/framework/src/Illuminate/Mail/Mailable.php(200): Illuminate\\Mail\\Mailable->withLocale(NULL, Object(Closure))
#12 /var/www/html/vendor/laravel/framework/src/Illuminate/Mail/Mailer.php(354): Illuminate\\Mail\\Mailable->send(Object(Illuminate\\Mail\\Mailer))
#13 /var/www/html/vendor/laravel/framework/src/Illuminate/Mail/Mailer.php(301): Illuminate\\Mail\\Mailer->sendMailable(Object(App\\Mail\\PaymentConfirmationMail))
#14 /var/www/html/vendor/laravel/framework/src/Illuminate/Mail/PendingMail.php(124): Illuminate\\Mail\\Mailer->send(Object(App\\Mail\\PaymentConfirmationMail))
#15 /var/www/html/app/Http/Controllers/Api/Dashboard/PaymentController.php(15): Illuminate\\Mail\\PendingMail->send(Object(App\\Mail\\PaymentConfirmationMail))
#16 /var/www/html/vendor/laravel/framework/src/Illuminate/Database/Concerns/ManagesTransactions.php(32): App\\Http\\Controllers\\Api\\Dashboard\\PaymentController->App\\Http\\Controllers\\Api\\Dashboard\\{closure}(Object(Illuminate\\Database\\SQLiteConnection))
#17 /var/www/html/vendor/laravel/framework/src/Illuminate/Database/DatabaseManager.php(495): Illuminate\\Database\\Connection->transaction(Object(Closure))
#18 /var/www/html/vendor/laravel/framework/src/Illuminate/Support/Facades/Facade.php(361): Illuminate\\Database\\DatabaseManager->__call('transaction', Array)
#19 /var/www/html/app/Http/Controllers/Api/Dashboard/PaymentController.php(15): Illuminate\\Support\\Facades\\Facade::__callStatic('transaction', Array)
#20 /var/www/html/vendor/laravel/framework/src/Illuminate/Routing/ControllerDispatcher.php(47): App\\Http\\Controllers\\Api\\Dashboard\\PaymentController->store(Object(Illuminate\\Http\\Request), Object(App\\Models\\CommercialDocument))
#21 /var/www/html/vendor/laravel/framework/src/Illuminate/Routing/Route.php(266): Illuminate\\Routing\\ControllerDispatcher->dispatch(Object(Illuminate\\Routing\\Route), Object(App\\Http\\Controllers\\Api\\Dashboard\\PaymentController), 'store')
#22 /var/www/html/vendor/laravel/framework/src/Illuminate/Routing/Route.php(212): Illuminate\\Routing\\Route->runController()
#23 /var/www/html/vendor/laravel/framework/src/Illuminate/Routing/Router.php(808): Illuminate\\Routing\\Route->run()
#24 /var/www/html/vendor/laravel/framework/src/Illuminate/Pipeline/Pipeline.php(170): Illuminate\\Routing\\Router->Illuminate\\Routing\\{closure}(Object(Illuminate\\Http\\Request))
#25 /var/www/html/vendor/spatie/laravel-permission/src/Middleware/PermissionMiddleware.php(37): Illuminate\\Pipeline\\Pipeline->Illuminate\\Pipeline\\{closure}(Object(Illuminate\\Http\\Request))
#26 /var/www/html/vendor/laravel/framework/src/Illuminate/Pipeline/Pipeline.php(209): Spatie\\Permission\\Middleware\\PermissionMiddleware->handle(Object(Illuminate\\Http\\Request), Object(Closure), 'payments.manage')
#27 /var/www/html/vendor/spatie/laravel-permission/src/Middleware/PermissionMiddleware.php(37): Illuminate\\Pipeline\\Pipeline->Illuminate\\Pipeline\\{closure}(Object(Illuminate\\Http\\Request))
#28 /var/www/html/vendor/laravel/framework/src/Illuminate/Pipeline/Pipeline.php(209): Spatie\\Permission\\Middleware\\PermissionMiddleware->handle(Object(Illuminate\\Http\\Request), Object(Closure), 'dashboard.view')
#29 /var/www/html/vendor/laravel/framework/src/Illuminate/Routing/Middleware/SubstituteBindings.php(51): Illuminate\\Pipeline\\Pipeline->Illuminate\\Pipeline\\{closure}(Object(Illuminate\\Http\\Request))
#30 /var/www/html/vendor/laravel/framework/src/Illuminate/Pipeline/Pipeline.php(209): Illuminate\\Routing\\Middleware\\SubstituteBindings->handle(Object(Illuminate\\Http\\Request), Object(Closure))
#31 /var/www/html/vendor/laravel/framework/src/Illuminate/Auth/Middleware/Authenticate.php(64): Illuminate\\Pipeline\\Pipeline->Illuminate\\Pipeline\\{closure}(Object(Illuminate\\Http\\Request))
#32 /var/www/html/vendor/laravel/framework/src/Illuminate/Pipeline/Pipeline.php(209): Illuminate\\Auth\\Middleware\\Authenticate->handle(Object(Illuminate\\Http\\Request), Object(Closure), 'sanctum')
#33 /var/www/html/vendor/laravel/framework/src/Illuminate/Pipeline/Pipeline.php(127): Illuminate\\Pipeline\\Pipeline->Illuminate\\Pipeline\\{closure}(Object(Illuminate\\Http\\Request))
#34 /var/www/html/vendor/laravel/framework/src/Illuminate/Routing/Router.php(807): Illuminate\\Pipeline\\Pipeline->then(Object(Closure))
#35 /var/www/html/vendor/laravel/framework/src/Illuminate/Routing/Router.php(786): Illuminate\\Routing\\Router->runRouteWithinStack(Object(Illuminate\\Routing\\Route), Object(Illuminate\\Http\\Request))
#36 /var/www/html/vendor/laravel/framework/src/Illuminate/Routing/Router.php(750): Illuminate\\Routing\\Router->runRoute(Object(Illuminate\\Http\\Request), Object(Illuminate\\Routing\\Route))
#37 /var/www/html/vendor/laravel/framework/src/Illuminate/Routing/Router.php(739): Illuminate\\Routing\\Router->dispatchToRoute(Object(Illuminate\\Http\\Request))
#38 /var/www/html/vendor/laravel/framework/src/Illuminate/Foundation/Http/Kernel.php(201): Illuminate\\Routing\\Router->dispatch(Object(Illuminate\\Http\\Request))
#39 /var/www/html/vendor/laravel/framework/src/Illuminate/Pipeline/Pipeline.php(170): Illuminate\\Foundation\\Http\\Kernel->Illuminate\\Foundation\\Http\\{closure}(Object(Illuminate\\Http\\Request))
#40 /var/www/html/vendor/laravel/framework/src/Illuminate/Foundation/Http/Middleware/TransformsRequest.php(21): Illuminate\\Pipeline\\Pipeline->Illuminate\\Pipeline\\{closure}(Object(Illuminate\\Http\\Request))
#41 /var/www/html/vendor/laravel/framework/src/Illuminate/Foundation/Http/Middleware/ConvertEmptyStringsToNull.php(31): Illuminate\\Foundation\\Http\\Middleware\\TransformsRequest->handle(Object(Illuminate\\Http\\Request), Object(Closure))
#42 /var/www/html/vendor/laravel/framework/src/Illuminate/Pipeline/Pipeline.php(209): Illuminate\\Foundation\\Http\\Middleware\\ConvertEmptyStringsToNull->handle(Object(Illuminate\\Http\\Request), Object(Closure))
#43 /var/www/html/vendor/laravel/framework/src/Illuminate/Foundation/Http/Middleware/TransformsRequest.php(21): Illuminate\\Pipeline\\Pipeline->Illuminate\\Pipeline\\{closure}(Object(Illuminate\\Http\\Request))
#44 /var/www/html/vendor/laravel/framework/src/Illuminate/Foundation/Http/Middleware/TrimStrings.php(51): Illuminate\\Foundation\\Http\\Middleware\\TransformsRequest->handle(Object(Illuminate\\Http\\Request), Object(Closure))
#45 /var/www/html/vendor/laravel/framework/src/Illuminate/Pipeline/Pipeline.php(209): Illuminate\\Foundation\\Http\\Middleware\\TrimStrings->handle(Object(Illuminate\\Http\\Request), Object(Closure))
#46 /var/www/html/vendor/laravel/framework/src/Illuminate/Http/Middleware/ValidatePostSize.php(27): Illuminate\\Pipeline\\Pipeline->Illuminate\\Pipeline\\{closure}(Object(Illuminate\\Http\\Request))
#47 /var/www/html/vendor/laravel/framework/src/Illuminate/Pipeline/Pipeline.php(209): Illuminate\\Http\\Middleware\\ValidatePostSize->handle(Object(Illuminate\\Http\\Request), Object(Closure))
#48 /var/www/html/vendor/laravel/framework/src/Illuminate/Foundation/Http/Middleware/PreventRequestsDuringMaintenance.php(110): Illuminate\\Pipeline\\Pipeline->Illuminate\\Pipeline\\{closure}(Object(Illuminate\\Http\\Request))
#49 /var/www/html/vendor/laravel/framework/src/Illuminate/Pipeline/Pipeline.php(209): Illuminate\\Foundation\\Http\\Middleware\\PreventRequestsDuringMaintenance->handle(Object(Illuminate\\Http\\Request), Object(Closure))
#50 /var/www/html/vendor/laravel/framework/src/Illuminate/Http/Middleware/HandleCors.php(62): Illuminate\\Pipeline\\Pipeline->Illuminate\\Pipeline\\{closure}(Object(Illuminate\\Http\\Request))
#51 /var/www/html/vendor/laravel/framework/src/Illuminate/Pipeline/Pipeline.php(209): Illuminate\\Http\\Middleware\\HandleCors->handle(Object(Illuminate\\Http\\Request), Object(Closure))
#52 /var/www/html/vendor/laravel/framework/src/Illuminate/Http/Middleware/TrustProxies.php(58): Illuminate\\Pipeline\\Pipeline->Illuminate\\Pipeline\\{closure}(Object(Illuminate\\Http\\Request))
#53 /var/www/html/vendor/laravel/framework/src/Illuminate/Pipeline/Pipeline.php(209): Illuminate\\Http\\Middleware\\TrustProxies->handle(Object(Illuminate\\Http\\Request), Object(Closure))
#54 /var/www/html/vendor/laravel/framework/src/Illuminate/Foundation/Http/Middleware/InvokeDeferredCallbacks.php(22): Illuminate\\Pipeline\\Pipeline->Illuminate\\Pipeline\\{closure}(Object(Illuminate\\Http\\Request))
#55 /var/www/html/vendor/laravel/framework/src/Illuminate/Pipeline/Pipeline.php(209): Illuminate\\Foundation\\Http\\Middleware\\InvokeDeferredCallbacks->handle(Object(Illuminate\\Http\\Request), Object(Closure))
#56 /var/www/html/vendor/laravel/framework/src/Illuminate/Pipeline/Pipeline.php(127): Illuminate\\Pipeline\\Pipeline->Illuminate\\Pipeline\\{closure}(Object(Illuminate\\Http\\Request))
#57 /var/www/html/vendor/laravel/framework/src/Illuminate/Foundation/Http/Kernel.php(176): Illuminate\\Pipeline\\Pipeline->then(Object(Closure))
#58 /var/www/html/vendor/laravel/framework/src/Illuminate/Foundation/Http/Kernel.php(145): Illuminate\\Foundation\\Http\\Kernel->sendRequestThroughRouter(Object(Illuminate\\Http\\Request))
#59 /var/www/html/vendor/laravel/framework/src/Illuminate/Foundation/Application.php(1220): Illuminate\\Foundation\\Http\\Kernel->handle(Object(Illuminate\\Http\\Request))
#60 /var/www/html/public/index.php(17): Illuminate\\Foundation\\Application->handleRequest(Object(Illuminate\\Http\\Request))
#61 {main}
"} 
[2026-09-21 16:57:43] local.ERROR: Failed to authenticate on SMTP server with username "your-email@gmail.com" using the following authenticators: "LOGIN", "PLAIN", "XOAUTH2". Authenticator "LOGIN" returned "Expected response code "235" but got code "535", with message "535-5.7.8 Username and Password not accepted. For more information, go to
535 5.7.8  https://support.google.com/mail/?p=BadCredentials ffacd0b85a97d-48724564565sm21217961f8f.19 - gsmtp".". Authenticator "PLAIN" returned "Expected response code "235" but got code "535", with message "535-5.7.8 Username and Password not accepted. For more information, go to
535 5.7.8  https://support.google.com/mail/?p=BadCredentials ffacd0b85a97d-48724564565sm21217961f8f.19 - gsmtp".". Authenticator "XOAUTH2" returned "Expected response code "235" but got code "334", with message "334 eyJzdGF0dXMiOiI0MDAiLCJzY2hlbWVzIjoiQmVhcmVyIiwic2NvcGUiOiJodHRwczovL21haWwuZ29vZ2xlLmNvbS8ifQ==".". {"userId":1,"exception":"[object] (Symfony\\Component\\Mailer\\Exception\\TransportException(code: 334): Failed to authenticate on SMTP server with username \"your-email@gmail.com\" using the following authenticators: \"LOGIN\", \"PLAIN\", \"XOAUTH2\". Authenticator \"LOGIN\" returned \"Expected response code \"235\" but got code \"535\", with message \"535-5.7.8 Username and Password not accepted. For more information, go to

535 5.7.8  https://support.google.com/mail/?p=BadCredentials ffacd0b85a97d-48724564565sm21217961f8f.19 - gsmtp\".\". Authenticator \"PLAIN\" returned \"Expected response code \"235\" but got code \"535\", with message \"535-5.7.8 Username and Password not accepted. For more information, go to

535 5.7.8  https://support.google.com/mail/?p=BadCredentials ffacd0b85a97d-48724564565sm21217961f8f.19 - gsmtp\".\". Authenticator \"XOAUTH2\" returned \"Expected response code \"235\" but got code \"334\", with message \"334 eyJzdGF0dXMiOiI0MDAiLCJzY2hlbWVzIjoiQmVhcmVyIiwic2NvcGUiOiJodHRwczovL21haWwuZ29vZ2xlLmNvbS8ifQ==\".\". at /var/www/html/vendor/symfony/mailer/Transport/Smtp/EsmtpTransport.php:269)
[stacktrace]
#0 /var/www/html/vendor/symfony/mailer/Transport/Smtp/EsmtpTransport.php(199): Symfony\\Component\\Mailer\\Transport\\Smtp\\EsmtpTransport->handleAuth(Array)
#1 /var/www/html/vendor/symfony/mailer/Transport/Smtp/EsmtpTransport.php(150): Symfony\\Component\\Mailer\\Transport\\Smtp\\EsmtpTransport->doEhloCommand()
#2 /var/www/html/vendor/symfony/mailer/Transport/Smtp/SmtpTransport.php(248): Symfony\\Component\\Mailer\\Transport\\Smtp\\EsmtpTransport->executeCommand('HELO localhost\\r...', Array)
#3 /var/www/html/vendor/symfony/mailer/Transport/Smtp/SmtpTransport.php(274): Symfony\\Component\\Mailer\\Transport\\Smtp\\SmtpTransport->doHeloCommand()
#4 /var/www/html/vendor/symfony/mailer/Transport/Smtp/SmtpTransport.php(204): Symfony\\Component\\Mailer\\Transport\\Smtp\\SmtpTransport->start()
#5 /var/www/html/vendor/symfony/mailer/Transport/AbstractTransport.php(69): Symfony\\Component\\Mailer\\Transport\\Smtp\\SmtpTransport->doSend(Object(Symfony\\Component\\Mailer\\SentMessage))
#6 /var/www/html/vendor/symfony/mailer/Transport/Smtp/SmtpTransport.php(142): Symfony\\Component\\Mailer\\Transport\\AbstractTransport->send(Object(Symfony\\Component\\Mime\\Email), Object(Symfony\\Component\\Mailer\\DelayedEnvelope))
#7 /var/www/html/vendor/laravel/framework/src/Illuminate/Mail/Mailer.php(585): Symfony\\Component\\Mailer\\Transport\\Smtp\\SmtpTransport->send(Object(Symfony\\Component\\Mime\\Email), Object(Symfony\\Component\\Mailer\\DelayedEnvelope))
#8 /var/www/html/vendor/laravel/framework/src/Illuminate/Mail/Mailer.php(332): Illuminate\\Mail\\Mailer->sendSymfonyMessage(Object(Symfony\\Component\\Mime\\Email))
#9 /var/www/html/vendor/laravel/framework/src/Illuminate/Mail/Mailable.php(207): Illuminate\\Mail\\Mailer->send('emails.payment-...', Array, Object(Closure))
#10 /var/www/html/vendor/laravel/framework/src/Illuminate/Support/Traits/Localizable.php(19): Illuminate\\Mail\\Mailable->Illuminate\\Mail\\{closure}()
#11 /var/www/html/vendor/laravel/framework/src/Illuminate/Mail/Mailable.php(200): Illuminate\\Mail\\Mailable->withLocale(NULL, Object(Closure))
#12 /var/www/html/vendor/laravel/framework/src/Illuminate/Mail/Mailer.php(354): Illuminate\\Mail\\Mailable->send(Object(Illuminate\\Mail\\Mailer))
#13 /var/www/html/vendor/laravel/framework/src/Illuminate/Mail/Mailer.php(301): Illuminate\\Mail\\Mailer->sendMailable(Object(App\\Mail\\PaymentConfirmationMail))
#14 /var/www/html/vendor/laravel/framework/src/Illuminate/Mail/PendingMail.php(124): Illuminate\\Mail\\Mailer->send(Object(App\\Mail\\PaymentConfirmationMail))
#15 /var/www/html/app/Http/Controllers/Api/Dashboard/PaymentController.php(15): Illuminate\\Mail\\PendingMail->send(Object(App\\Mail\\PaymentConfirmationMail))
#16 /var/www/html/vendor/laravel/framework/src/Illuminate/Database/Concerns/ManagesTransactions.php(32): App\\Http\\Controllers\\Api\\Dashboard\\PaymentController->App\\Http\\Controllers\\Api\\Dashboard\\{closure}(Object(Illuminate\\Database\\SQLiteConnection))
#17 /var/www/html/vendor/laravel/framework/src/Illuminate/Database/DatabaseManager.php(495): Illuminate\\Database\\Connection->transaction(Object(Closure))
#18 /var/www/html/vendor/laravel/framework/src/Illuminate/Support/Facades/Facade.php(361): Illuminate\\Database\\DatabaseManager->__call('transaction', Array)
#19 /var/www/html/app/Http/Controllers/Api/Dashboard/PaymentController.php(15): Illuminate\\Support\\Facades\\Facade::__callStatic('transaction', Array)
#20 /var/www/html/vendor/laravel/framework/src/Illuminate/Routing/ControllerDispatcher.php(47): App\\Http\\Controllers\\Api\\Dashboard\\PaymentController->store(Object(Illuminate\\Http\\Request), Object(App\\Models\\CommercialDocument))
#21 /var/www/html/vendor/laravel/framework/src/Illuminate/Routing/Route.php(266): Illuminate\\Routing\\ControllerDispatcher->dispatch(Object(Illuminate\\Routing\\Route), Object(App\\Http\\Controllers\\Api\\Dashboard\\PaymentController), 'store')
#22 /var/www/html/vendor/laravel/framework/src/Illuminate/Routing/Route.php(212): Illuminate\\Routing\\Route->runController()
#23 /var/www/html/vendor/laravel/framework/src/Illuminate/Routing/Router.php(808): Illuminate\\Routing\\Route->run()
#24 /var/www/html/vendor/laravel/framework/src/Illuminate/Pipeline/Pipeline.php(170): Illuminate\\Routing\\Router->Illuminate\\Routing\\{closure}(Object(Illuminate\\Http\\Request))
#25 /var/www/html/vendor/spatie/laravel-permission/src/Middleware/PermissionMiddleware.php(37): Illuminate\\Pipeline\\Pipeline->Illuminate\\Pipeline\\{closure}(Object(Illuminate\\Http\\Request))
#26 /var/www/html/vendor/laravel/framework/src/Illuminate/Pipeline/Pipeline.php(209): Spatie\\Permission\\Middleware\\PermissionMiddleware->handle(Object(Illuminate\\Http\\Request), Object(Closure), 'payments.manage')
#27 /var/www/html/vendor/spatie/laravel-permission/src/Middleware/PermissionMiddleware.php(37): Illuminate\\Pipeline\\Pipeline->Illuminate\\Pipeline\\{closure}(Object(Illuminate\\Http\\Request))
#28 /var/www/html/vendor/laravel/framework/src/Illuminate/Pipeline/Pipeline.php(209): Spatie\\Permission\\Middleware\\PermissionMiddleware->handle(Object(Illuminate\\Http\\Request), Object(Closure), 'dashboard.view')
#29 /var/www/html/vendor/laravel/framework/src/Illuminate/Routing/Middleware/SubstituteBindings.php(51): Illuminate\\Pipeline\\Pipeline->Illuminate\\Pipeline\\{closure}(Object(Illuminate\\Http\\Request))
#30 /var/www/html/vendor/laravel/framework/src/Illuminate/Pipeline/Pipeline.php(209): Illuminate\\Routing\\Middleware\\SubstituteBindings->handle(Object(Illuminate\\Http\\Request), Object(Closure))
#31 /var/www/html/vendor/laravel/framework/src/Illuminate/Auth/Middleware/Authenticate.php(64): Illuminate\\Pipeline\\Pipeline->Illuminate\\Pipeline\\{closure}(Object(Illuminate\\Http\\Request))
#32 /var/www/html/vendor/laravel/framework/src/Illuminate/Pipeline/Pipeline.php(209): Illuminate\\Auth\\Middleware\\Authenticate->handle(Object(Illuminate\\Http\\Request), Object(Closure), 'sanctum')
#33 /var/www/html/vendor/laravel/framework/src/Illuminate/Pipeline/Pipeline.php(127): Illuminate\\Pipeline\\Pipeline->Illuminate\\Pipeline\\{closure}(Object(Illuminate\\Http\\Request))
#34 /var/www/html/vendor/laravel/framework/src/Illuminate/Routing/Router.php(807): Illuminate\\Pipeline\\Pipeline->then(Object(Closure))
#35 /var/www/html/vendor/laravel/framework/src/Illuminate/Routing/Router.php(786): Illuminate\\Routing\\Router->runRouteWithinStack(Object(Illuminate\\Routing\\Route), Object(Illuminate\\Http\\Request))
#36 /var/www/html/vendor/laravel/framework/src/Illuminate/Routing/Router.php(750): Illuminate\\Routing\\Router->runRoute(Object(Illuminate\\Http\\Request), Object(Illuminate\\Routing\\Route))
#37 /var/www/html/vendor/laravel/framework/src/Illuminate/Routing/Router.php(739): Illuminate\\Routing\\Router->dispatchToRoute(Object(Illuminate\\Http\\Request))
#38 /var/www/html/vendor/laravel/framework/src/Illuminate/Foundation/Http/Kernel.php(201): Illuminate\\Routing\\Router->dispatch(Object(Illuminate\\Http\\Request))
#39 /var/www/html/vendor/laravel/framework/src/Illuminate/Pipeline/Pipeline.php(170): Illuminate\\Foundation\\Http\\Kernel->Illuminate\\Foundation\\Http\\{closure}(Object(Illuminate\\Http\\Request))
#40 /var/www/html/vendor/laravel/framework/src/Illuminate/Foundation/Http/Middleware/TransformsRequest.php(21): Illuminate\\Pipeline\\Pipeline->Illuminate\\Pipeline\\{closure}(Object(Illuminate\\Http\\Request))
#41 /var/www/html/vendor/laravel/framework/src/Illuminate/Foundation/Http/Middleware/ConvertEmptyStringsToNull.php(31): Illuminate\\Foundation\\Http\\Middleware\\TransformsRequest->handle(Object(Illuminate\\Http\\Request), Object(Closure))
#42 /var/www/html/vendor/laravel/framework/src/Illuminate/Pipeline/Pipeline.php(209): Illuminate\\Foundation\\Http\\Middleware\\ConvertEmptyStringsToNull->handle(Object(Illuminate\\Http\\Request), Object(Closure))
#43 /var/www/html/vendor/laravel/framework/src/Illuminate/Foundation/Http/Middleware/TransformsRequest.php(21): Illuminate\\Pipeline\\Pipeline->Illuminate\\Pipeline\\{closure}(Object(Illuminate\\Http\\Request))
#44 /var/www/html/vendor/laravel/framework/src/Illuminate/Foundation/Http/Middleware/TrimStrings.php(51): Illuminate\\Foundation\\Http\\Middleware\\TransformsRequest->handle(Object(Illuminate\\Http\\Request), Object(Closure))
#45 /var/www/html/vendor/laravel/framework/src/Illuminate/Pipeline/Pipeline.php(209): Illuminate\\Foundation\\Http\\Middleware\\TrimStrings->handle(Object(Illuminate\\Http\\Request), Object(Closure))
#46 /var/www/html/vendor/laravel/framework/src/Illuminate/Http/Middleware/ValidatePostSize.php(27): Illuminate\\Pipeline\\Pipeline->Illuminate\\Pipeline\\{closure}(Object(Illuminate\\Http\\Request))
#47 /var/www/html/vendor/laravel/framework/src/Illuminate/Pipeline/Pipeline.php(209): Illuminate\\Http\\Middleware\\ValidatePostSize->handle(Object(Illuminate\\Http\\Request), Object(Closure))
#48 /var/www/html/vendor/laravel/framework/src/Illuminate/Foundation/Http/Middleware/PreventRequestsDuringMaintenance.php(110): Illuminate\\Pipeline\\Pipeline->Illuminate\\Pipeline\\{closure}(Object(Illuminate\\Http\\Request))
#49 /var/www/html/vendor/laravel/framework/src/Illuminate/Pipeline/Pipeline.php(209): Illuminate\\Foundation\\Http\\Middleware\\PreventRequestsDuringMaintenance->handle(Object(Illuminate\\Http\\Request), Object(Closure))
#50 /var/www/html/vendor/laravel/framework/src/Illuminate/Http/Middleware/HandleCors.php(62): Illuminate\\Pipeline\\Pipeline->Illuminate\\Pipeline\\{closure}(Object(Illuminate\\Http\\Request))
#51 /var/www/html/vendor/laravel/framework/src/Illuminate/Pipeline/Pipeline.php(209): Illuminate\\Http\\Middleware\\HandleCors->handle(Object(Illuminate\\Http\\Request), Object(Closure))
#52 /var/www/html/vendor/laravel/framework/src/Illuminate/Http/Middleware/TrustProxies.php(58): Illuminate\\Pipeline\\Pipeline->Illuminate\\Pipeline\\{closure}(Object(Illuminate\\Http\\Request))
#53 /var/www/html/vendor/laravel/framework/src/Illuminate/Pipeline/Pipeline.php(209): Illuminate\\Http\\Middleware\\TrustProxies->handle(Object(Illuminate\\Http\\Request), Object(Closure))
#54 /var/www/html/vendor/laravel/framework/src/Illuminate/Foundation/Http/Middleware/InvokeDeferredCallbacks.php(22): Illuminate\\Pipeline\\Pipeline->Illuminate\\Pipeline\\{closure}(Object(Illuminate\\Http\\Request))
#55 /var/www/html/vendor/laravel/framework/src/Illuminate/Pipeline/Pipeline.php(209): Illuminate\\Foundation\\Http\\Middleware\\InvokeDeferredCallbacks->handle(Object(Illuminate\\Http\\Request), Object(Closure))
#56 /var/www/html/vendor/laravel/framework/src/Illuminate/Pipeline/Pipeline.php(127): Illuminate\\Pipeline\\Pipeline->Illuminate\\Pipeline\\{closure}(Object(Illuminate\\Http\\Request))
#57 /var/www/html/vendor/laravel/framework/src/Illuminate/Foundation/Http/Kernel.php(176): Illuminate\\Pipeline\\Pipeline->then(Object(Closure))
#58 /var/www/html/vendor/laravel/framework/src/Illuminate/Foundation/Http/Kernel.php(145): Illuminate\\Foundation\\Http\\Kernel->sendRequestThroughRouter(Object(Illuminate\\Http\\Request))
#59 /var/www/html/vendor/laravel/framework/src/Illuminate/Foundation/Application.php(1220): Illuminate\\Foundation\\Http\\Kernel->handle(Object(Illuminate\\Http\\Request))
#60 /var/www/html/public/index.php(17): Illuminate\\Foundation\\Application->handleRequest(Object(Illuminate\\Http\\Request))
#61 {main}
"} 
[2026-09-21 17:00:04] local.ERROR: Target [App\Services\Ivr\IvrGateway] is not instantiable while building [App\Console\Commands\ProcessDueIvrCalls, App\Jobs\SendIvrCallJob]. {"exception":"[object] (Illuminate\\Contracts\\Container\\BindingResolutionException(code: 0): Target [App\\Services\\Ivr\\IvrGateway] is not instantiable while building [App\\Console\\Commands\\ProcessDueIvrCalls, App\\Jobs\\SendIvrCallJob]. at /var/www/html/vendor/laravel/framework/src/Illuminate/Container/Container.php:1216)
[stacktrace]
#0 /var/www/html/vendor/laravel/framework/src/Illuminate/Container/Container.php(968): Illuminate\\Container\\Container->notInstantiable('App\\\\Services\\\\Iv...')
#1 /var/www/html/vendor/laravel/framework/src/Illuminate/Container/Container.php(832): Illuminate\\Container\\Container->build('App\\\\Services\\\\Iv...')
#2 /var/www/html/vendor/laravel/framework/src/Illuminate/Foundation/Application.php(1078): Illuminate\\Container\\Container->resolve('App\\\\Services\\\\Iv...', Array, true)
#3 /var/www/html/vendor/laravel/framework/src/Illuminate/Container/Container.php(763): Illuminate\\Foundation\\Application->resolve('App\\\\Services\\\\Iv...', Array)
#4 /var/www/html/vendor/laravel/framework/src/Illuminate/Foundation/Application.php(1058): Illuminate\\Container\\Container->make('App\\\\Services\\\\Iv...', Array)
#5 /var/www/html/vendor/laravel/framework/src/Illuminate/Container/BoundMethod.php(190): Illuminate\\Foundation\\Application->make('App\\\\Services\\\\Iv...')
#6 /var/www/html/vendor/laravel/framework/src/Illuminate/Container/BoundMethod.php(126): Illuminate\\Container\\BoundMethod::addDependencyForCallParameter(Object(Illuminate\\Foundation\\Application), Object(ReflectionParameter), Array, Array)
#7 /var/www/html/vendor/laravel/framework/src/Illuminate/Container/BoundMethod.php(36): Illuminate\\Container\\BoundMethod::getMethodDependencies(Object(Illuminate\\Foundation\\Application), Array, Array)
#8 /var/www/html/vendor/laravel/framework/src/Illuminate/Container/Util.php(43): Illuminate\\Container\\BoundMethod::Illuminate\\Container\\{closure}()
#9 /var/www/html/vendor/laravel/framework/src/Illuminate/Container/BoundMethod.php(95): Illuminate\\Container\\Util::unwrapIfClosure(Object(Closure))
#10 /var/www/html/vendor/laravel/framework/src/Illuminate/Container/BoundMethod.php(35): Illuminate\\Container\\BoundMethod::callBoundMethod(Object(Illuminate\\Foundation\\Application), Array, Object(Closure))
#11 /var/www/html/vendor/laravel/framework/src/Illuminate/Container/Container.php(696): Illuminate\\Container\\BoundMethod::call(Object(Illuminate\\Foundation\\Application), Array, Array, NULL)
#12 /var/www/html/vendor/laravel/framework/src/Illuminate/Bus/Dispatcher.php(126): Illuminate\\Container\\Container->call(Array)
#13 /var/www/html/vendor/laravel/framework/src/Illuminate/Pipeline/Pipeline.php(170): Illuminate\\Bus\\Dispatcher->Illuminate\\Bus\\{closure}(Object(App\\Jobs\\SendIvrCallJob))
#14 /var/www/html/vendor/laravel/framework/src/Illuminate/Pipeline/Pipeline.php(127): Illuminate\\Pipeline\\Pipeline->Illuminate\\Pipeline\\{closure}(Object(App\\Jobs\\SendIvrCallJob))
#15 /var/www/html/vendor/laravel/framework/src/Illuminate/Bus/Dispatcher.php(130): Illuminate\\Pipeline\\Pipeline->then(Object(Closure))
#16 /var/www/html/vendor/laravel/framework/src/Illuminate/Queue/CallQueuedHandler.php(126): Illuminate\\Bus\\Dispatcher->dispatchNow(Object(App\\Jobs\\SendIvrCallJob), false)
#17 /var/www/html/vendor/laravel/framework/src/Illuminate/Pipeline/Pipeline.php(170): Illuminate\\Queue\\CallQueuedHandler->Illuminate\\Queue\\{closure}(Object(App\\Jobs\\SendIvrCallJob))
#18 /var/www/html/vendor/laravel/framework/src/Illuminate/Pipeline/Pipeline.php(127): Illuminate\\Pipeline\\Pipeline->Illuminate\\Pipeline\\{closure}(Object(App\\Jobs\\SendIvrCallJob))
#19 /var/www/html/vendor/laravel/framework/src/Illuminate/Queue/CallQueuedHandler.php(121): Illuminate\\Pipeline\\Pipeline->then(Object(Closure))
#20 /var/www/html/vendor/laravel/framework/src/Illuminate/Queue/CallQueuedHandler.php(69): Illuminate\\Queue\\CallQueuedHandler->dispatchThroughMiddleware(Object(Illuminate\\Queue\\Jobs\\SyncJob), Object(App\\Jobs\\SendIvrCallJob))
#21 /var/www/html/vendor/laravel/framework/src/Illuminate/Queue/Jobs/Job.php(102): Illuminate\\Queue\\CallQueuedHandler->call(Object(Illuminate\\Queue\\Jobs\\SyncJob), Array)
#22 /var/www/html/vendor/laravel/framework/src/Illuminate/Queue/SyncQueue.php(76): Illuminate\\Queue\\Jobs\\Job->fire()
#23 /var/www/html/vendor/laravel/framework/src/Illuminate/Queue/SyncQueue.php(56): Illuminate\\Queue\\SyncQueue->executeJob(Object(App\\Jobs\\SendIvrCallJob), '', NULL)
#24 /var/www/html/vendor/laravel/framework/src/Illuminate/Bus/Dispatcher.php(244): Illuminate\\Queue\\SyncQueue->push(Object(App\\Jobs\\SendIvrCallJob), '', NULL)
#25 /var/www/html/vendor/laravel/framework/src/Illuminate/Bus/Dispatcher.php(228): Illuminate\\Bus\\Dispatcher->pushCommandToQueue(Object(Illuminate\\Queue\\SyncQueue), Object(App\\Jobs\\SendIvrCallJob))
#26 /var/www/html/vendor/laravel/framework/src/Illuminate/Bus/Dispatcher.php(77): Illuminate\\Bus\\Dispatcher->dispatchToQueue(Object(App\\Jobs\\SendIvrCallJob))
#27 /var/www/html/vendor/laravel/framework/src/Illuminate/Foundation/Bus/PendingDispatch.php(222): Illuminate\\Bus\\Dispatcher->dispatch(Object(App\\Jobs\\SendIvrCallJob))
#28 /var/www/html/vendor/laravel/framework/src/Illuminate/Foundation/Bus/Dispatchable.php(19): Illuminate\\Foundation\\Bus\\PendingDispatch->__destruct()
#29 /var/www/html/app/Console/Commands/ProcessDueIvrCalls.php(34): App\\Jobs\\SendIvrCallJob::dispatch(Object(App\\Models\\IvrCall))
#30 /var/www/html/vendor/laravel/framework/src/Illuminate/Container/BoundMethod.php(36): App\\Console\\Commands\\ProcessDueIvrCalls->handle()
#31 /var/www/html/vendor/laravel/framework/src/Illuminate/Container/Util.php(43): Illuminate\\Container\\BoundMethod::Illuminate\\Container\\{closure}()
#32 /var/www/html/vendor/laravel/framework/src/Illuminate/Container/BoundMethod.php(95): Illuminate\\Container\\Util::unwrapIfClosure(Object(Closure))
#33 /var/www/html/vendor/laravel/framework/src/Illuminate/Container/BoundMethod.php(35): Illuminate\\Container\\BoundMethod::callBoundMethod(Object(Illuminate\\Foundation\\Application), Array, Object(Closure))
#34 /var/www/html/vendor/laravel/framework/src/Illuminate/Container/Container.php(696): Illuminate\\Container\\BoundMethod::call(Object(Illuminate\\Foundation\\Application), Array, Array, NULL)
#35 /var/www/html/vendor/laravel/framework/src/Illuminate/Console/Command.php(213): Illuminate\\Container\\Container->call(Array)
#36 /var/www/html/vendor/symfony/console/Command/Command.php(341): Illuminate\\Console\\Command->execute(Object(Symfony\\Component\\Console\\Input\\ArgvInput), Object(Illuminate\\Console\\OutputStyle))
#37 /var/www/html/vendor/laravel/framework/src/Illuminate/Console/Command.php(182): Symfony\\Component\\Console\\Command\\Command->run(Object(Symfony\\Component\\Console\\Input\\ArgvInput), Object(Illuminate\\Console\\OutputStyle))
#38 /var/www/html/vendor/symfony/console/Application.php(1117): Illuminate\\Console\\Command->run(Object(Symfony\\Component\\Console\\Input\\ArgvInput), Object(Symfony\\Component\\Console\\Output\\ConsoleOutput))
#39 /var/www/html/vendor/symfony/console/Application.php(356): Symfony\\Component\\Console\\Application->doRunCommand(Object(App\\Console\\Commands\\ProcessDueIvrCalls), Object(Symfony\\Component\\Console\\Input\\ArgvInput), Object(Symfony\\Component\\Console\\Output\\ConsoleOutput))
#40 /var/www/html/vendor/symfony/console/Application.php(195): Symfony\\Component\\Console\\Application->doRun(Object(Symfony\\Component\\Console\\Input\\ArgvInput), Object(Symfony\\Component\\Console\\Output\\ConsoleOutput))
#41 /var/www/html/vendor/laravel/framework/src/Illuminate/Foundation/Console/Kernel.php(198): Symfony\\Component\\Console\\Application->run(Object(Symfony\\Component\\Console\\Input\\ArgvInput), Object(Symfony\\Component\\Console\\Output\\ConsoleOutput))
#42 /var/www/html/vendor/laravel/framework/src/Illuminate/Foundation/Application.php(1235): Illuminate\\Foundation\\Console\\Kernel->handle(Object(Symfony\\Component\\Console\\Input\\ArgvInput), Object(Symfony\\Component\\Console\\Output\\ConsoleOutput))
#43 /var/www/html/artisan(13): Illuminate\\Foundation\\Application->handleCommand(Object(Symfony\\Component\\Console\\Input\\ArgvInput))
#44 {main}
"} 
[2026-09-21 17:00:18] local.ERROR: Call to a member function currentAccessToken() on null {"exception":"[object] (Error(code: 0): Call to a member function currentAccessToken() on null at /var/www/html/app/Http/Controllers/Api/Mobile/AuthController.php:73)
[stacktrace]
#0 /var/www/html/vendor/laravel/framework/src/Illuminate/Routing/ControllerDispatcher.php(47): App\\Http\\Controllers\\Api\\Mobile\\AuthController->logout(Object(Illuminate\\Http\\Request))
#1 /var/www/html/vendor/laravel/framework/src/Illuminate/Routing/Route.php(266): Illuminate\\Routing\\ControllerDispatcher->dispatch(Object(Illuminate\\Routing\\Route), Object(App\\Http\\Controllers\\Api\\Mobile\\AuthController), 'logout')
#2 /var/www/html/vendor/laravel/framework/src/Illuminate/Routing/Route.php(212): Illuminate\\Routing\\Route->runController()
#3 /var/www/html/vendor/laravel/framework/src/Illuminate/Routing/Router.php(808): Illuminate\\Routing\\Route->run()
#4 /var/www/html/vendor/laravel/framework/src/Illuminate/Pipeline/Pipeline.php(170): Illuminate\\Routing\\Router->Illuminate\\Routing\\{closure}(Object(Illuminate\\Http\\Request))
#5 /var/www/html/vendor/laravel/framework/src/Illuminate/Routing/Middleware/SubstituteBindings.php(51): Illuminate\\Pipeline\\Pipeline->Illuminate\\Pipeline\\{closure}(Object(Illuminate\\Http\\Request))
#6 /var/www/html/vendor/laravel/framework/src/Illuminate/Pipeline/Pipeline.php(209): Illuminate\\Routing\\Middleware\\SubstituteBindings->handle(Object(Illuminate\\Http\\Request), Object(Closure))
#7 /var/www/html/vendor/laravel/framework/src/Illuminate/Pipeline/Pipeline.php(127): Illuminate\\Pipeline\\Pipeline->Illuminate\\Pipeline\\{closure}(Object(Illuminate\\Http\\Request))
#8 /var/www/html/vendor/laravel/framework/src/Illuminate/Routing/Router.php(807): Illuminate\\Pipeline\\Pipeline->then(Object(Closure))
#9 /var/www/html/vendor/laravel/framework/src/Illuminate/Routing/Router.php(786): Illuminate\\Routing\\Router->runRouteWithinStack(Object(Illuminate\\Routing\\Route), Object(Illuminate\\Http\\Request))
#10 /var/www/html/vendor/laravel/framework/src/Illuminate/Routing/Router.php(750): Illuminate\\Routing\\Router->runRoute(Object(Illuminate\\Http\\Request), Object(Illuminate\\Routing\\Route))
#11 /var/www/html/vendor/laravel/framework/src/Illuminate/Routing/Router.php(739): Illuminate\\Routing\\Router->dispatchToRoute(Object(Illuminate\\Http\\Request))
#12 /var/www/html/vendor/laravel/framework/src/Illuminate/Foundation/Http/Kernel.php(201): Illuminate\\Routing\\Router->dispatch(Object(Illuminate\\Http\\Request))
#13 /var/www/html/vendor/laravel/framework/src/Illuminate/Pipeline/Pipeline.php(170): Illuminate\\Foundation\\Http\\Kernel->Illuminate\\Foundation\\Http\\{closure}(Object(Illuminate\\Http\\Request))
#14 /var/www/html/vendor/laravel/framework/src/Illuminate/Foundation/Http/Middleware/TransformsRequest.php(21): Illuminate\\Pipeline\\Pipeline->Illuminate\\Pipeline\\{closure}(Object(Illuminate\\Http\\Request))
#15 /var/www/html/vendor/laravel/framework/src/Illuminate/Foundation/Http/Middleware/ConvertEmptyStringsToNull.php(31): Illuminate\\Foundation\\Http\\Middleware\\TransformsRequest->handle(Object(Illuminate\\Http\\Request), Object(Closure))
#16 /var/www/html/vendor/laravel/framework/src/Illuminate/Pipeline/Pipeline.php(209): Illuminate\\Foundation\\Http\\Middleware\\ConvertEmptyStringsToNull->handle(Object(Illuminate\\Http\\Request), Object(Closure))
#17 /var/www/html/vendor/laravel/framework/src/Illuminate/Foundation/Http/Middleware/TransformsRequest.php(21): Illuminate\\Pipeline\\Pipeline->Illuminate\\Pipeline\\{closure}(Object(Illuminate\\Http\\Request))
#18 /var/www/html/vendor/laravel/framework/src/Illuminate/Foundation/Http/Middleware/TrimStrings.php(51): Illuminate\\Foundation\\Http\\Middleware\\TransformsRequest->handle(Object(Illuminate\\Http\\Request), Object(Closure))
#19 /var/www/html/vendor/laravel/framework/src/Illuminate/Pipeline/Pipeline.php(209): Illuminate\\Foundation\\Http\\Middleware\\TrimStrings->handle(Object(Illuminate\\Http\\Request), Object(Closure))
#20 /var/www/html/vendor/laravel/framework/src/Illuminate/Http/Middleware/ValidatePostSize.php(27): Illuminate\\Pipeline\\Pipeline->Illuminate\\Pipeline\\{closure}(Object(Illuminate\\Http\\Request))
#21 /var/www/html/vendor/laravel/framework/src/Illuminate/Pipeline/Pipeline.php(209): Illuminate\\Http\\Middleware\\ValidatePostSize->handle(Object(Illuminate\\Http\\Request), Object(Closure))
#22 /var/www/html/vendor/laravel/framework/src/Illuminate/Foundation/Http/Middleware/PreventRequestsDuringMaintenance.php(110): Illuminate\\Pipeline\\Pipeline->Illuminate\\Pipeline\\{closure}(Object(Illuminate\\Http\\Request))
#23 /var/www/html/vendor/laravel/framework/src/Illuminate/Pipeline/Pipeline.php(209): Illuminate\\Foundation\\Http\\Middleware\\PreventRequestsDuringMaintenance->handle(Object(Illuminate\\Http\\Request), Object(Closure))
#24 /var/www/html/vendor/laravel/framework/src/Illuminate/Http/Middleware/HandleCors.php(62): Illuminate\\Pipeline\\Pipeline->Illuminate\\Pipeline\\{closure}(Object(Illuminate\\Http\\Request))
#25 /var/www/html/vendor/laravel/framework/src/Illuminate/Pipeline/Pipeline.php(209): Illuminate\\Http\\Middleware\\HandleCors->handle(Object(Illuminate\\Http\\Request), Object(Closure))
#26 /var/www/html/vendor/laravel/framework/src/Illuminate/Http/Middleware/TrustProxies.php(58): Illuminate\\Pipeline\\Pipeline->Illuminate\\Pipeline\\{closure}(Object(Illuminate\\Http\\Request))
#27 /var/www/html/vendor/laravel/framework/src/Illuminate/Pipeline/Pipeline.php(209): Illuminate\\Http\\Middleware\\TrustProxies->handle(Object(Illuminate\\Http\\Request), Object(Closure))
#28 /var/www/html/vendor/laravel/framework/src/Illuminate/Foundation/Http/Middleware/InvokeDeferredCallbacks.php(22): Illuminate\\Pipeline\\Pipeline->Illuminate\\Pipeline\\{closure}(Object(Illuminate\\Http\\Request))
#29 /var/www/html/vendor/laravel/framework/src/Illuminate/Pipeline/Pipeline.php(209): Illuminate\\Foundation\\Http\\Middleware\\InvokeDeferredCallbacks->handle(Object(Illuminate\\Http\\Request), Object(Closure))
#30 /var/www/html/vendor/laravel/framework/src/Illuminate/Pipeline/Pipeline.php(127): Illuminate\\Pipeline\\Pipeline->Illuminate\\Pipeline\\{closure}(Object(Illuminate\\Http\\Request))
#31 /var/www/html/vendor/laravel/framework/src/Illuminate/Foundation/Http/Kernel.php(176): Illuminate\\Pipeline\\Pipeline->then(Object(Closure))
#32 /var/www/html/vendor/laravel/framework/src/Illuminate/Foundation/Http/Kernel.php(145): Illuminate\\Foundation\\Http\\Kernel->sendRequestThroughRouter(Object(Illuminate\\Http\\Request))
#33 /var/www/html/vendor/laravel/framework/src/Illuminate/Foundation/Application.php(1220): Illuminate\\Foundation\\Http\\Kernel->handle(Object(Illuminate\\Http\\Request))
#34 /var/www/html/public/index.php(17): Illuminate\\Foundation\\Application->handleRequest(Object(Illuminate\\Http\\Request))
#35 {main}
"} 
[2026-09-21 17:05:06] local.ERROR: Target [App\Services\Ivr\IvrGateway] is not instantiable while building [App\Console\Commands\ProcessDueIvrCalls, App\Jobs\SendIvrCallJob]. {"exception":"[object] (Illuminate\\Contracts\\Container\\BindingResolutionException(code: 0): Target [App\\Services\\Ivr\\IvrGateway] is not instantiable while building [App\\Console\\Commands\\ProcessDueIvrCalls, App\\Jobs\\SendIvrCallJob]. at /var/www/html/vendor/laravel/framework/src/Illuminate/Container/Container.php:1216)
[stacktrace]
#0 /var/www/html/vendor/laravel/framework/src/Illuminate/Container/Container.php(968): Illuminate\\Container\\Container->notInstantiable('App\\\\Services\\\\Iv...')
#1 /var/www/html/vendor/laravel/framework/src/Illuminate/Container/Container.php(832): Illuminate\\Container\\Container->build('App\\\\Services\\\\Iv...')
#2 /var/www/html/vendor/laravel/framework/src/Illuminate/Foundation/Application.php(1078): Illuminate\\Container\\Container->resolve('App\\\\Services\\\\Iv...', Array, true)
#3 /var/www/html/vendor/laravel/framework/src/Illuminate/Container/Container.php(763): Illuminate\\Foundation\\Application->resolve('App\\\\Services\\\\Iv...', Array)
#4 /var/www/html/vendor/laravel/framework/src/Illuminate/Foundation/Application.php(1058): Illuminate\\Container\\Container->make('App\\\\Services\\\\Iv...', Array)
#5 /var/www/html/vendor/laravel/framework/src/Illuminate/Container/BoundMethod.php(190): Illuminate\\Foundation\\Application->make('App\\\\Services\\\\Iv...')
#6 /var/www/html/vendor/laravel/framework/src/Illuminate/Container/BoundMethod.php(126): Illuminate\\Container\\BoundMethod::addDependencyForCallParameter(Object(Illuminate\\Foundation\\Application), Object(ReflectionParameter), Array, Array)
#7 /var/www/html/vendor/laravel/framework/src/Illuminate/Container/BoundMethod.php(36): Illuminate\\Container\\BoundMethod::getMethodDependencies(Object(Illuminate\\Foundation\\Application), Array, Array)
#8 /var/www/html/vendor/laravel/framework/src/Illuminate/Container/Util.php(43): Illuminate\\Container\\BoundMethod::Illuminate\\Container\\{closure}()
#9 /var/www/html/vendor/laravel/framework/src/Illuminate/Container/BoundMethod.php(95): Illuminate\\Container\\Util::unwrapIfClosure(Object(Closure))
#10 /var/www/html/vendor/laravel/framework/src/Illuminate/Container/BoundMethod.php(35): Illuminate\\Container\\BoundMethod::callBoundMethod(Object(Illuminate\\Foundation\\Application), Array, Object(Closure))
#11 /var/www/html/vendor/laravel/framework/src/Illuminate/Container/Container.php(696): Illuminate\\Container\\BoundMethod::call(Object(Illuminate\\Foundation\\Application), Array, Array, NULL)
#12 /var/www/html/vendor/laravel/framework/src/Illuminate/Bus/Dispatcher.php(126): Illuminate\\Container\\Container->call(Array)
#13 /var/www/html/vendor/laravel/framework/src/Illuminate/Pipeline/Pipeline.php(170): Illuminate\\Bus\\Dispatcher->Illuminate\\Bus\\{closure}(Object(App\\Jobs\\SendIvrCallJob))
#14 /var/www/html/vendor/laravel/framework/src/Illuminate/Pipeline/Pipeline.php(127): Illuminate\\Pipeline\\Pipeline->Illuminate\\Pipeline\\{closure}(Object(App\\Jobs\\SendIvrCallJob))
#15 /var/www/html/vendor/laravel/framework/src/Illuminate/Bus/Dispatcher.php(130): Illuminate\\Pipeline\\Pipeline->then(Object(Closure))
#16 /var/www/html/vendor/laravel/framework/src/Illuminate/Queue/CallQueuedHandler.php(126): Illuminate\\Bus\\Dispatcher->dispatchNow(Object(App\\Jobs\\SendIvrCallJob), false)
#17 /var/www/html/vendor/laravel/framework/src/Illuminate/Pipeline/Pipeline.php(170): Illuminate\\Queue\\CallQueuedHandler->Illuminate\\Queue\\{closure}(Object(App\\Jobs\\SendIvrCallJob))
#18 /var/www/html/vendor/laravel/framework/src/Illuminate/Pipeline/Pipeline.php(127): Illuminate\\Pipeline\\Pipeline->Illuminate\\Pipeline\\{closure}(Object(App\\Jobs\\SendIvrCallJob))
#19 /var/www/html/vendor/laravel/framework/src/Illuminate/Queue/CallQueuedHandler.php(121): Illuminate\\Pipeline\\Pipeline->then(Object(Closure))
#20 /var/www/html/vendor/laravel/framework/src/Illuminate/Queue/CallQueuedHandler.php(69): Illuminate\\Queue\\CallQueuedHandler->dispatchThroughMiddleware(Object(Illuminate\\Queue\\Jobs\\SyncJob), Object(App\\Jobs\\SendIvrCallJob))
#21 /var/www/html/vendor/laravel/framework/src/Illuminate/Queue/Jobs/Job.php(102): Illuminate\\Queue\\CallQueuedHandler->call(Object(Illuminate\\Queue\\Jobs\\SyncJob), Array)
#22 /var/www/html/vendor/laravel/framework/src/Illuminate/Queue/SyncQueue.php(76): Illuminate\\Queue\\Jobs\\Job->fire()
#23 /var/www/html/vendor/laravel/framework/src/Illuminate/Queue/SyncQueue.php(56): Illuminate\\Queue\\SyncQueue->executeJob(Object(App\\Jobs\\SendIvrCallJob), '', NULL)
#24 /var/www/html/vendor/laravel/framework/src/Illuminate/Bus/Dispatcher.php(244): Illuminate\\Queue\\SyncQueue->push(Object(App\\Jobs\\SendIvrCallJob), '', NULL)
#25 /var/www/html/vendor/laravel/framework/src/Illuminate/Bus/Dispatcher.php(228): Illuminate\\Bus\\Dispatcher->pushCommandToQueue(Object(Illuminate\\Queue\\SyncQueue), Object(App\\Jobs\\SendIvrCallJob))
#26 /var/www/html/vendor/laravel/framework/src/Illuminate/Bus/Dispatcher.php(77): Illuminate\\Bus\\Dispatcher->dispatchToQueue(Object(App\\Jobs\\SendIvrCallJob))
#27 /var/www/html/vendor/laravel/framework/src/Illuminate/Foundation/Bus/PendingDispatch.php(222): Illuminate\\Bus\\Dispatcher->dispatch(Object(App\\Jobs\\SendIvrCallJob))
#28 /var/www/html/vendor/laravel/framework/src/Illuminate/Foundation/Bus/Dispatchable.php(19): Illuminate\\Foundation\\Bus\\PendingDispatch->__destruct()
#29 /var/www/html/app/Console/Commands/ProcessDueIvrCalls.php(34): App\\Jobs\\SendIvrCallJob::dispatch(Object(App\\Models\\IvrCall))
#30 /var/www/html/vendor/laravel/framework/src/Illuminate/Container/BoundMethod.php(36): App\\Console\\Commands\\ProcessDueIvrCalls->handle()
#31 /var/www/html/vendor/laravel/framework/src/Illuminate/Container/Util.php(43): Illuminate\\Container\\BoundMethod::Illuminate\\Container\\{closure}()
#32 /var/www/html/vendor/laravel/framework/src/Illuminate/Container/BoundMethod.php(95): Illuminate\\Container\\Util::unwrapIfClosure(Object(Closure))
#33 /var/www/html/vendor/laravel/framework/src/Illuminate/Container/BoundMethod.php(35): Illuminate\\Container\\BoundMethod::callBoundMethod(Object(Illuminate\\Foundation\\Application), Array, Object(Closure))
#34 /var/www/html/vendor/laravel/framework/src/Illuminate/Container/Container.php(696): Illuminate\\Container\\BoundMethod::call(Object(Illuminate\\Foundation\\Application), Array, Array, NULL)
#35 /var/www/html/vendor/laravel/framework/src/Illuminate/Console/Command.php(213): Illuminate\\Container\\Container->call(Array)
#36 /var/www/html/vendor/symfony/console/Command/Command.php(341): Illuminate\\Console\\Command->execute(Object(Symfony\\Component\\Console\\Input\\ArgvInput), Object(Illuminate\\Console\\OutputStyle))
#37 /var/www/html/vendor/laravel/framework/src/Illuminate/Console/Command.php(182): Symfony\\Component\\Console\\Command\\Command->run(Object(Symfony\\Component\\Console\\Input\\ArgvInput), Object(Illuminate\\Console\\OutputStyle))
#38 /var/www/html/vendor/symfony/console/Application.php(1117): Illuminate\\Console\\Command->run(Object(Symfony\\Component\\Console\\Input\\ArgvInput), Object(Symfony\\Component\\Console\\Output\\ConsoleOutput))
#39 /var/www/html/vendor/symfony/console/Application.php(356): Symfony\\Component\\Console\\Application->doRunCommand(Object(App\\Console\\Commands\\ProcessDueIvrCalls), Object(Symfony\\Component\\Console\\Input\\ArgvInput), Object(Symfony\\Component\\Console\\Output\\ConsoleOutput))
#40 /var/www/html/vendor/symfony/console/Application.php(195): Symfony\\Component\\Console\\Application->doRun(Object(Symfony\\Component\\Console\\Input\\ArgvInput), Object(Symfony\\Component\\Console\\Output\\ConsoleOutput))
#41 /var/www/html/vendor/laravel/framework/src/Illuminate/Foundation/Console/Kernel.php(198): Symfony\\Component\\Console\\Application->run(Object(Symfony\\Component\\Console\\Input\\ArgvInput), Object(Symfony\\Component\\Console\\Output\\ConsoleOutput))
#42 /var/www/html/vendor/laravel/framework/src/Illuminate/Foundation/Application.php(1235): Illuminate\\Foundation\\Console\\Kernel->handle(Object(Symfony\\Component\\Console\\Input\\ArgvInput), Object(Symfony\\Component\\Console\\Output\\ConsoleOutput))
#43 /var/www/html/artisan(13): Illuminate\\Foundation\\Application->handleCommand(Object(Symfony\\Component\\Console\\Input\\ArgvInput))
#44 {main}
"} 
[2026-09-21 17:10:09] local.ERROR: Target [App\Services\Ivr\IvrGateway] is not instantiable while building [App\Console\Commands\ProcessDueIvrCalls, App\Jobs\SendIvrCallJob]. {"exception":"[object] (Illuminate\\Contracts\\Container\\BindingResolutionException(code: 0): Target [App\\Services\\Ivr\\IvrGateway] is not instantiable while building [App\\Console\\Commands\\ProcessDueIvrCalls, App\\Jobs\\SendIvrCallJob]. at /var/www/html/vendor/laravel/framework/src/Illuminate/Container/Container.php:1216)
[stacktrace]
#0 /var/www/html/vendor/laravel/framework/src/Illuminate/Container/Container.php(968): Illuminate\\Container\\Container->notInstantiable('App\\\\Services\\\\Iv...')
#1 /var/www/html/vendor/laravel/framework/src/Illuminate/Container/Container.php(832): Illuminate\\Container\\Container->build('App\\\\Services\\\\Iv...')
#2 /var/www/html/vendor/laravel/framework/src/Illuminate/Foundation/Application.php(1078): Illuminate\\Container\\Container->resolve('App\\\\Services\\\\Iv...', Array, true)
#3 /var/www/html/vendor/laravel/framework/src/Illuminate/Container/Container.php(763): Illuminate\\Foundation\\Application->resolve('App\\\\Services\\\\Iv...', Array)
#4 /var/www/html/vendor/laravel/framework/src/Illuminate/Foundation/Application.php(1058): Illuminate\\Container\\Container->make('App\\\\Services\\\\Iv...', Array)
#5 /var/www/html/vendor/laravel/framework/src/Illuminate/Container/BoundMethod.php(190): Illuminate\\Foundation\\Application->make('App\\\\Services\\\\Iv...')
#6 /var/www/html/vendor/laravel/framework/src/Illuminate/Container/BoundMethod.php(126): Illuminate\\Container\\BoundMethod::addDependencyForCallParameter(Object(Illuminate\\Foundation\\Application), Object(ReflectionParameter), Array, Array)
#7 /var/www/html/vendor/laravel/framework/src/Illuminate/Container/BoundMethod.php(36): Illuminate\\Container\\BoundMethod::getMethodDependencies(Object(Illuminate\\Foundation\\Application), Array, Array)
#8 /var/www/html/vendor/laravel/framework/src/Illuminate/Container/Util.php(43): Illuminate\\Container\\BoundMethod::Illuminate\\Container\\{closure}()
#9 /var/www/html/vendor/laravel/framework/src/Illuminate/Container/BoundMethod.php(95): Illuminate\\Container\\Util::unwrapIfClosure(Object(Closure))
#10 /var/www/html/vendor/laravel/framework/src/Illuminate/Container/BoundMethod.php(35): Illuminate\\Container\\BoundMethod::callBoundMethod(Object(Illuminate\\Foundation\\Application), Array, Object(Closure))
#11 /var/www/html/vendor/laravel/framework/src/Illuminate/Container/Container.php(696): Illuminate\\Container\\BoundMethod::call(Object(Illuminate\\Foundation\\Application), Array, Array, NULL)
#12 /var/www/html/vendor/laravel/framework/src/Illuminate/Bus/Dispatcher.php(126): Illuminate\\Container\\Container->call(Array)
#13 /var/www/html/vendor/laravel/framework/src/Illuminate/Pipeline/Pipeline.php(170): Illuminate\\Bus\\Dispatcher->Illuminate\\Bus\\{closure}(Object(App\\Jobs\\SendIvrCallJob))
#14 /var/www/html/vendor/laravel/framework/src/Illuminate/Pipeline/Pipeline.php(127): Illuminate\\Pipeline\\Pipeline->Illuminate\\Pipeline\\{closure}(Object(App\\Jobs\\SendIvrCallJob))
#15 /var/www/html/vendor/laravel/framework/src/Illuminate/Bus/Dispatcher.php(130): Illuminate\\Pipeline\\Pipeline->then(Object(Closure))
#16 /var/www/html/vendor/laravel/framework/src/Illuminate/Queue/CallQueuedHandler.php(126): Illuminate\\Bus\\Dispatcher->dispatchNow(Object(App\\Jobs\\SendIvrCallJob), false)
#17 /var/www/html/vendor/laravel/framework/src/Illuminate/Pipeline/Pipeline.php(170): Illuminate\\Queue\\CallQueuedHandler->Illuminate\\Queue\\{closure}(Object(App\\Jobs\\SendIvrCallJob))
#18 /var/www/html/vendor/laravel/framework/src/Illuminate/Pipeline/Pipeline.php(127): Illuminate\\Pipeline\\Pipeline->Illuminate\\Pipeline\\{closure}(Object(App\\Jobs\\SendIvrCallJob))
#19 /var/www/html/vendor/laravel/framework/src/Illuminate/Queue/CallQueuedHandler.php(121): Illuminate\\Pipeline\\Pipeline->then(Object(Closure))
#20 /var/www/html/vendor/laravel/framework/src/Illuminate/Queue/CallQueuedHandler.php(69): Illuminate\\Queue\\CallQueuedHandler->dispatchThroughMiddleware(Object(Illuminate\\Queue\\Jobs\\SyncJob), Object(App\\Jobs\\SendIvrCallJob))
#21 /var/www/html/vendor/laravel/framework/src/Illuminate/Queue/Jobs/Job.php(102): Illuminate\\Queue\\CallQueuedHandler->call(Object(Illuminate\\Queue\\Jobs\\SyncJob), Array)
#22 /var/www/html/vendor/laravel/framework/src/Illuminate/Queue/SyncQueue.php(76): Illuminate\\Queue\\Jobs\\Job->fire()
#23 /var/www/html/vendor/laravel/framework/src/Illuminate/Queue/SyncQueue.php(56): Illuminate\\Queue\\SyncQueue->executeJob(Object(App\\Jobs\\SendIvrCallJob), '', NULL)
#24 /var/www/html/vendor/laravel/framework/src/Illuminate/Bus/Dispatcher.php(244): Illuminate\\Queue\\SyncQueue->push(Object(App\\Jobs\\SendIvrCallJob), '', NULL)
#25 /var/www/html/vendor/laravel/framework/src/Illuminate/Bus/Dispatcher.php(228): Illuminate\\Bus\\Dispatcher->pushCommandToQueue(Object(Illuminate\\Queue\\SyncQueue), Object(App\\Jobs\\SendIvrCallJob))
#26 /var/www/html/vendor/laravel/framework/src/Illuminate/Bus/Dispatcher.php(77): Illuminate\\Bus\\Dispatcher->dispatchToQueue(Object(App\\Jobs\\SendIvrCallJob))
#27 /var/www/html/vendor/laravel/framework/src/Illuminate/Foundation/Bus/PendingDispatch.php(222): Illuminate\\Bus\\Dispatcher->dispatch(Object(App\\Jobs\\SendIvrCallJob))
#28 /var/www/html/vendor/laravel/framework/src/Illuminate/Foundation/Bus/Dispatchable.php(19): Illuminate\\Foundation\\Bus\\PendingDispatch->__destruct()
#29 /var/www/html/app/Console/Commands/ProcessDueIvrCalls.php(34): App\\Jobs\\SendIvrCallJob::dispatch(Object(App\\Models\\IvrCall))
#30 /var/www/html/vendor/laravel/framework/src/Illuminate/Container/BoundMethod.php(36): App\\Console\\Commands\\ProcessDueIvrCalls->handle()
#31 /var/www/html/vendor/laravel/framework/src/Illuminate/Container/Util.php(43): Illuminate\\Container\\BoundMethod::Illuminate\\Container\\{closure}()
#32 /var/www/html/vendor/laravel/framework/src/Illuminate/Container/BoundMethod.php(95): Illuminate\\Container\\Util::unwrapIfClosure(Object(Closure))
#33 /var/www/html/vendor/laravel/framework/src/Illuminate/Container/BoundMethod.php(35): Illuminate\\Container\\BoundMethod::callBoundMethod(Object(Illuminate\\Foundation\\Application), Array, Object(Closure))
#34 /var/www/html/vendor/laravel/framework/src/Illuminate/Container/Container.php(696): Illuminate\\Container\\BoundMethod::call(Object(Illuminate\\Foundation\\Application), Array, Array, NULL)
#35 /var/www/html/vendor/laravel/framework/src/Illuminate/Console/Command.php(213): Illuminate\\Container\\Container->call(Array)
#36 /var/www/html/vendor/symfony/console/Command/Command.php(341): Illuminate\\Console\\Command->execute(Object(Symfony\\Component\\Console\\Input\\ArgvInput), Object(Illuminate\\Console\\OutputStyle))
#37 /var/www/html/vendor/laravel/framework/src/Illuminate/Console/Command.php(182): Symfony\\Component\\Console\\Command\\Command->run(Object(Symfony\\Component\\Console\\Input\\ArgvInput), Object(Illuminate\\Console\\OutputStyle))
#38 /var/www/html/vendor/symfony/console/Application.php(1117): Illuminate\\Console\\Command->run(Object(Symfony\\Component\\Console\\Input\\ArgvInput), Object(Symfony\\Component\\Console\\Output\\ConsoleOutput))
#39 /var/www/html/vendor/symfony/console/Application.php(356): Symfony\\Component\\Console\\Application->doRunCommand(Object(App\\Console\\Commands\\ProcessDueIvrCalls), Object(Symfony\\Component\\Console\\Input\\ArgvInput), Object(Symfony\\Component\\Console\\Output\\ConsoleOutput))
#40 /var/www/html/vendor/symfony/console/Application.php(195): Symfony\\Component\\Console\\Application->doRun(Object(Symfony\\Component\\Console\\Input\\ArgvInput), Object(Symfony\\Component\\Console\\Output\\ConsoleOutput))
#41 /var/www/html/vendor/laravel/framework/src/Illuminate/Foundation/Console/Kernel.php(198): Symfony\\Component\\Console\\Application->run(Object(Symfony\\Component\\Console\\Input\\ArgvInput), Object(Symfony\\Component\\Console\\Output\\ConsoleOutput))
#42 /var/www/html/vendor/laravel/framework/src/Illuminate/Foundation/Application.php(1235): Illuminate\\Foundation\\Console\\Kernel->handle(Object(Symfony\\Component\\Console\\Input\\ArgvInput), Object(Symfony\\Component\\Console\\Output\\ConsoleOutput))
#43 /var/www/html/artisan(13): Illuminate\\Foundation\\Application->handleCommand(Object(Symfony\\Component\\Console\\Input\\ArgvInput))
#44 {main}
"} 
[2026-09-21 17:15:12] local.ERROR: Target [App\Services\Ivr\IvrGateway] is not instantiable while building [App\Console\Commands\ProcessDueIvrCalls, App\Jobs\SendIvrCallJob]. {"exception":"[object] (Illuminate\\Contracts\\Container\\BindingResolutionException(code: 0): Target [App\\Services\\Ivr\\IvrGateway] is not instantiable while building [App\\Console\\Commands\\ProcessDueIvrCalls, App\\Jobs\\SendIvrCallJob]. at /var/www/html/vendor/laravel/framework/src/Illuminate/Container/Container.php:1216)
[stacktrace]
#0 /var/www/html/vendor/laravel/framework/src/Illuminate/Container/Container.php(968): Illuminate\\Container\\Container->notInstantiable('App\\\\Services\\\\Iv...')
#1 /var/www/html/vendor/laravel/framework/src/Illuminate/Container/Container.php(832): Illuminate\\Container\\Container->build('App\\\\Services\\\\Iv...')
#2 /var/www/html/vendor/laravel/framework/src/Illuminate/Foundation/Application.php(1078): Illuminate\\Container\\Container->resolve('App\\\\Services\\\\Iv...', Array, true)
#3 /var/www/html/vendor/laravel/framework/src/Illuminate/Container/Container.php(763): Illuminate\\Foundation\\Application->resolve('App\\\\Services\\\\Iv...', Array)
#4 /var/www/html/vendor/laravel/framework/src/Illuminate/Foundation/Application.php(1058): Illuminate\\Container\\Container->make('App\\\\Services\\\\Iv...', Array)
#5 /var/www/html/vendor/laravel/framework/src/Illuminate/Container/BoundMethod.php(190): Illuminate\\Foundation\\Application->make('App\\\\Services\\\\Iv...')
#6 /var/www/html/vendor/laravel/framework/src/Illuminate/Container/BoundMethod.php(126): Illuminate\\Container\\BoundMethod::addDependencyForCallParameter(Object(Illuminate\\Foundation\\Application), Object(ReflectionParameter), Array, Array)
#7 /var/www/html/vendor/laravel/framework/src/Illuminate/Container/BoundMethod.php(36): Illuminate\\Container\\BoundMethod::getMethodDependencies(Object(Illuminate\\Foundation\\Application), Array, Array)
#8 /var/www/html/vendor/laravel/framework/src/Illuminate/Container/Util.php(43): Illuminate\\Container\\BoundMethod::Illuminate\\Container\\{closure}()
#9 /var/www/html/vendor/laravel/framework/src/Illuminate/Container/BoundMethod.php(95): Illuminate\\Container\\Util::unwrapIfClosure(Object(Closure))
#10 /var/www/html/vendor/laravel/framework/src/Illuminate/Container/BoundMethod.php(35): Illuminate\\Container\\BoundMethod::callBoundMethod(Object(Illuminate\\Foundation\\Application), Array, Object(Closure))
#11 /var/www/html/vendor/laravel/framework/src/Illuminate/Container/Container.php(696): Illuminate\\Container\\BoundMethod::call(Object(Illuminate\\Foundation\\Application), Array, Array, NULL)
#12 /var/www/html/vendor/laravel/framework/src/Illuminate/Bus/Dispatcher.php(126): Illuminate\\Container\\Container->call(Array)
#13 /var/www/html/vendor/laravel/framework/src/Illuminate/Pipeline/Pipeline.php(170): Illuminate\\Bus\\Dispatcher->Illuminate\\Bus\\{closure}(Object(App\\Jobs\\SendIvrCallJob))
#14 /var/www/html/vendor/laravel/framework/src/Illuminate/Pipeline/Pipeline.php(127): Illuminate\\Pipeline\\Pipeline->Illuminate\\Pipeline\\{closure}(Object(App\\Jobs\\SendIvrCallJob))
#15 /var/www/html/vendor/laravel/framework/src/Illuminate/Bus/Dispatcher.php(130): Illuminate\\Pipeline\\Pipeline->then(Object(Closure))
#16 /var/www/html/vendor/laravel/framework/src/Illuminate/Queue/CallQueuedHandler.php(126): Illuminate\\Bus\\Dispatcher->dispatchNow(Object(App\\Jobs\\SendIvrCallJob), false)
#17 /var/www/html/vendor/laravel/framework/src/Illuminate/Pipeline/Pipeline.php(170): Illuminate\\Queue\\CallQueuedHandler->Illuminate\\Queue\\{closure}(Object(App\\Jobs\\SendIvrCallJob))
#18 /var/www/html/vendor/laravel/framework/src/Illuminate/Pipeline/Pipeline.php(127): Illuminate\\Pipeline\\Pipeline->Illuminate\\Pipeline\\{closure}(Object(App\\Jobs\\SendIvrCallJob))
#19 /var/www/html/vendor/laravel/framework/src/Illuminate/Queue/CallQueuedHandler.php(121): Illuminate\\Pipeline\\Pipeline->then(Object(Closure))
#20 /var/www/html/vendor/laravel/framework/src/Illuminate/Queue/CallQueuedHandler.php(69): Illuminate\\Queue\\CallQueuedHandler->dispatchThroughMiddleware(Object(Illuminate\\Queue\\Jobs\\SyncJob), Object(App\\Jobs\\SendIvrCallJob))
#21 /var/www/html/vendor/laravel/framework/src/Illuminate/Queue/Jobs/Job.php(102): Illuminate\\Queue\\CallQueuedHandler->call(Object(Illuminate\\Queue\\Jobs\\SyncJob), Array)
#22 /var/www/html/vendor/laravel/framework/src/Illuminate/Queue/SyncQueue.php(76): Illuminate\\Queue\\Jobs\\Job->fire()
#23 /var/www/html/vendor/laravel/framework/src/Illuminate/Queue/SyncQueue.php(56): Illuminate\\Queue\\SyncQueue->executeJob(Object(App\\Jobs\\SendIvrCallJob), '', NULL)
#24 /var/www/html/vendor/laravel/framework/src/Illuminate/Bus/Dispatcher.php(244): Illuminate\\Queue\\SyncQueue->push(Object(App\\Jobs\\SendIvrCallJob), '', NULL)
#25 /var/www/html/vendor/laravel/framework/src/Illuminate/Bus/Dispatcher.php(228): Illuminate\\Bus\\Dispatcher->pushCommandToQueue(Object(Illuminate\\Queue\\SyncQueue), Object(App\\Jobs\\SendIvrCallJob))
#26 /var/www/html/vendor/laravel/framework/src/Illuminate/Bus/Dispatcher.php(77): Illuminate\\Bus\\Dispatcher->dispatchToQueue(Object(App\\Jobs\\SendIvrCallJob))
#27 /var/www/html/vendor/laravel/framework/src/Illuminate/Foundation/Bus/PendingDispatch.php(222): Illuminate\\Bus\\Dispatcher->dispatch(Object(App\\Jobs\\SendIvrCallJob))
#28 /var/www/html/vendor/laravel/framework/src/Illuminate/Foundation/Bus/Dispatchable.php(19): Illuminate\\Foundation\\Bus\\PendingDispatch->__destruct()
#29 /var/www/html/app/Console/Commands/ProcessDueIvrCalls.php(34): App\\Jobs\\SendIvrCallJob::dispatch(Object(App\\Models\\IvrCall))
#30 /var/www/html/vendor/laravel/framework/src/Illuminate/Container/BoundMethod.php(36): App\\Console\\Commands\\ProcessDueIvrCalls->handle()
#31 /var/www/html/vendor/laravel/framework/src/Illuminate/Container/Util.php(43): Illuminate\\Container\\BoundMethod::Illuminate\\Container\\{closure}()
#32 /var/www/html/vendor/laravel/framework/src/Illuminate/Container/BoundMethod.php(95): Illuminate\\Container\\Util::unwrapIfClosure(Object(Closure))
#33 /var/www/html/vendor/laravel/framework/src/Illuminate/Container/BoundMethod.php(35): Illuminate\\Container\\BoundMethod::callBoundMethod(Object(Illuminate\\Foundation\\Application), Array, Object(Closure))
#34 /var/www/html/vendor/laravel/framework/src/Illuminate/Container/Container.php(696): Illuminate\\Container\\BoundMethod::call(Object(Illuminate\\Foundation\\Application), Array, Array, NULL)
#35 /var/www/html/vendor/laravel/framework/src/Illuminate/Console/Command.php(213): Illuminate\\Container\\Container->call(Array)
#36 /var/www/html/vendor/symfony/console/Command/Command.php(341): Illuminate\\Console\\Command->execute(Object(Symfony\\Component\\Console\\Input\\ArgvInput), Object(Illuminate\\Console\\OutputStyle))
#37 /var/www/html/vendor/laravel/framework/src/Illuminate/Console/Command.php(182): Symfony\\Component\\Console\\Command\\Command->run(Object(Symfony\\Component\\Console\\Input\\ArgvInput), Object(Illuminate\\Console\\OutputStyle))
#38 /var/www/html/vendor/symfony/console/Application.php(1117): Illuminate\\Console\\Command->run(Object(Symfony\\Component\\Console\\Input\\ArgvInput), Object(Symfony\\Component\\Console\\Output\\ConsoleOutput))
#39 /var/www/html/vendor/symfony/console/Application.php(356): Symfony\\Component\\Console\\Application->doRunCommand(Object(App\\Console\\Commands\\ProcessDueIvrCalls), Object(Symfony\\Component\\Console\\Input\\ArgvInput), Object(Symfony\\Component\\Console\\Output\\ConsoleOutput))
#40 /var/www/html/vendor/symfony/console/Application.php(195): Symfony\\Component\\Console\\Application->doRun(Object(Symfony\\Component\\Console\\Input\\ArgvInput), Object(Symfony\\Component\\Console\\Output\\ConsoleOutput))
#41 /var/www/html/vendor/laravel/framework/src/Illuminate/Foundation/Console/Kernel.php(198): Symfony\\Component\\Console\\Application->run(Object(Symfony\\Component\\Console\\Input\\ArgvInput), Object(Symfony\\Component\\Console\\Output\\ConsoleOutput))
#42 /var/www/html/vendor/laravel/framework/src/Illuminate/Foundation/Application.php(1235): Illuminate\\Foundation\\Console\\Kernel->handle(Object(Symfony\\Component\\Console\\Input\\ArgvInput), Object(Symfony\\Component\\Console\\Output\\ConsoleOutput))
#43 /var/www/html/artisan(13): Illuminate\\Foundation\\Application->handleCommand(Object(Symfony\\Component\\Console\\Input\\ArgvInput))
#44 {main}
"} 
[2026-09-21 17:20:14] local.ERROR: Target [App\Services\Ivr\IvrGateway] is not instantiable while building [App\Console\Commands\ProcessDueIvrCalls, App\Jobs\SendIvrCallJob]. {"exception":"[object] (Illuminate\\Contracts\\Container\\BindingResolutionException(code: 0): Target [App\\Services\\Ivr\\IvrGateway] is not instantiable while building [App\\Console\\Commands\\ProcessDueIvrCalls, App\\Jobs\\SendIvrCallJob]. at /var/www/html/vendor/laravel/framework/src/Illuminate/Container/Container.php:1216)
[stacktrace]
#0 /var/www/html/vendor/laravel/framework/src/Illuminate/Container/Container.php(968): Illuminate\\Container\\Container->notInstantiable('App\\\\Services\\\\Iv...')
#1 /var/www/html/vendor/laravel/framework/src/Illuminate/Container/Container.php(832): Illuminate\\Container\\Container->build('App\\\\Services\\\\Iv...')
#2 /var/www/html/vendor/laravel/framework/src/Illuminate/Foundation/Application.php(1078): Illuminate\\Container\\Container->resolve('App\\\\Services\\\\Iv...', Array, true)
#3 /var/www/html/vendor/laravel/framework/src/Illuminate/Container/Container.php(763): Illuminate\\Foundation\\Application->resolve('App\\\\Services\\\\Iv...', Array)
#4 /var/www/html/vendor/laravel/framework/src/Illuminate/Foundation/Application.php(1058): Illuminate\\Container\\Container->make('App\\\\Services\\\\Iv...', Array)
#5 /var/www/html/vendor/laravel/framework/src/Illuminate/Container/BoundMethod.php(190): Illuminate\\Foundation\\Application->make('App\\\\Services\\\\Iv...')
#6 /var/www/html/vendor/laravel/framework/src/Illuminate/Container/BoundMethod.php(126): Illuminate\\Container\\BoundMethod::addDependencyForCallParameter(Object(Illuminate\\Foundation\\Application), Object(ReflectionParameter), Array, Array)
#7 /var/www/html/vendor/laravel/framework/src/Illuminate/Container/BoundMethod.php(36): Illuminate\\Container\\BoundMethod::getMethodDependencies(Object(Illuminate\\Foundation\\Application), Array, Array)
#8 /var/www/html/vendor/laravel/framework/src/Illuminate/Container/Util.php(43): Illuminate\\Container\\BoundMethod::Illuminate\\Container\\{closure}()
#9 /var/www/html/vendor/laravel/framework/src/Illuminate/Container/BoundMethod.php(95): Illuminate\\Container\\Util::unwrapIfClosure(Object(Closure))
#10 /var/www/html/vendor/laravel/framework/src/Illuminate/Container/BoundMethod.php(35): Illuminate\\Container\\BoundMethod::callBoundMethod(Object(Illuminate\\Foundation\\Application), Array, Object(Closure))
#11 /var/www/html/vendor/laravel/framework/src/Illuminate/Container/Container.php(696): Illuminate\\Container\\BoundMethod::call(Object(Illuminate\\Foundation\\Application), Array, Array, NULL)
#12 /var/www/html/vendor/laravel/framework/src/Illuminate/Bus/Dispatcher.php(126): Illuminate\\Container\\Container->call(Array)
#13 /var/www/html/vendor/laravel/framework/src/Illuminate/Pipeline/Pipeline.php(170): Illuminate\\Bus\\Dispatcher->Illuminate\\Bus\\{closure}(Object(App\\Jobs\\SendIvrCallJob))
#14 /var/www/html/vendor/laravel/framework/src/Illuminate/Pipeline/Pipeline.php(127): Illuminate\\Pipeline\\Pipeline->Illuminate\\Pipeline\\{closure}(Object(App\\Jobs\\SendIvrCallJob))
#15 /var/www/html/vendor/laravel/framework/src/Illuminate/Bus/Dispatcher.php(130): Illuminate\\Pipeline\\Pipeline->then(Object(Closure))
#16 /var/www/html/vendor/laravel/framework/src/Illuminate/Queue/CallQueuedHandler.php(126): Illuminate\\Bus\\Dispatcher->dispatchNow(Object(App\\Jobs\\SendIvrCallJob), false)
#17 /var/www/html/vendor/laravel/framework/src/Illuminate/Pipeline/Pipeline.php(170): Illuminate\\Queue\\CallQueuedHandler->Illuminate\\Queue\\{closure}(Object(App\\Jobs\\SendIvrCallJob))
#18 /var/www/html/vendor/laravel/framework/src/Illuminate/Pipeline/Pipeline.php(127): Illuminate\\Pipeline\\Pipeline->Illuminate\\Pipeline\\{closure}(Object(App\\Jobs\\SendIvrCallJob))
#19 /var/www/html/vendor/laravel/framework/src/Illuminate/Queue/CallQueuedHandler.php(121): Illuminate\\Pipeline\\Pipeline->then(Object(Closure))
#20 /var/www/html/vendor/laravel/framework/src/Illuminate/Queue/CallQueuedHandler.php(69): Illuminate\\Queue\\CallQueuedHandler->dispatchThroughMiddleware(Object(Illuminate\\Queue\\Jobs\\SyncJob), Object(App\\Jobs\\SendIvrCallJob))
#21 /var/www/html/vendor/laravel/framework/src/Illuminate/Queue/Jobs/Job.php(102): Illuminate\\Queue\\CallQueuedHandler->call(Object(Illuminate\\Queue\\Jobs\\SyncJob), Array)
#22 /var/www/html/vendor/laravel/framework/src/Illuminate/Queue/SyncQueue.php(76): Illuminate\\Queue\\Jobs\\Job->fire()
#23 /var/www/html/vendor/laravel/framework/src/Illuminate/Queue/SyncQueue.php(56): Illuminate\\Queue\\SyncQueue->executeJob(Object(App\\Jobs\\SendIvrCallJob), '', NULL)
#24 /var/www/html/vendor/laravel/framework/src/Illuminate/Bus/Dispatcher.php(244): Illuminate\\Queue\\SyncQueue->push(Object(App\\Jobs\\SendIvrCallJob), '', NULL)
#25 /var/www/html/vendor/laravel/framework/src/Illuminate/Bus/Dispatcher.php(228): Illuminate\\Bus\\Dispatcher->pushCommandToQueue(Object(Illuminate\\Queue\\SyncQueue), Object(App\\Jobs\\SendIvrCallJob))
#26 /var/www/html/vendor/laravel/framework/src/Illuminate/Bus/Dispatcher.php(77): Illuminate\\Bus\\Dispatcher->dispatchToQueue(Object(App\\Jobs\\SendIvrCallJob))
#27 /var/www/html/vendor/laravel/framework/src/Illuminate/Foundation/Bus/PendingDispatch.php(222): Illuminate\\Bus\\Dispatcher->dispatch(Object(App\\Jobs\\SendIvrCallJob))
#28 /var/www/html/vendor/laravel/framework/src/Illuminate/Foundation/Bus/Dispatchable.php(19): Illuminate\\Foundation\\Bus\\PendingDispatch->__destruct()
#29 /var/www/html/app/Console/Commands/ProcessDueIvrCalls.php(34): App\\Jobs\\SendIvrCallJob::dispatch(Object(App\\Models\\IvrCall))
#30 /var/www/html/vendor/laravel/framework/src/Illuminate/Container/BoundMethod.php(36): App\\Console\\Commands\\ProcessDueIvrCalls->handle()
#31 /var/www/html/vendor/laravel/framework/src/Illuminate/Container/Util.php(43): Illuminate\\Container\\BoundMethod::Illuminate\\Container\\{closure}()
#32 /var/www/html/vendor/laravel/framework/src/Illuminate/Container/BoundMethod.php(95): Illuminate\\Container\\Util::unwrapIfClosure(Object(Closure))
#33 /var/www/html/vendor/laravel/framework/src/Illuminate/Container/BoundMethod.php(35): Illuminate\\Container\\BoundMethod::callBoundMethod(Object(Illuminate\\Foundation\\Application), Array, Object(Closure))
#34 /var/www/html/vendor/laravel/framework/src/Illuminate/Container/Container.php(696): Illuminate\\Container\\BoundMethod::call(Object(Illuminate\\Foundation\\Application), Array, Array, NULL)
#35 /var/www/html/vendor/laravel/framework/src/Illuminate/Console/Command.php(213): Illuminate\\Container\\Container->call(Array)
#36 /var/www/html/vendor/symfony/console/Command/Command.php(341): Illuminate\\Console\\Command->execute(Object(Symfony\\Component\\Console\\Input\\ArgvInput), Object(Illuminate\\Console\\OutputStyle))
#37 /var/www/html/vendor/laravel/framework/src/Illuminate/Console/Command.php(182): Symfony\\Component\\Console\\Command\\Command->run(Object(Symfony\\Component\\Console\\Input\\ArgvInput), Object(Illuminate\\Console\\OutputStyle))
#38 /var/www/html/vendor/symfony/console/Application.php(1117): Illuminate\\Console\\Command->run(Object(Symfony\\Component\\Console\\Input\\ArgvInput), Object(Symfony\\Component\\Console\\Output\\ConsoleOutput))
#39 /var/www/html/vendor/symfony/console/Application.php(356): Symfony\\Component\\Console\\Application->doRunCommand(Object(App\\Console\\Commands\\ProcessDueIvrCalls), Object(Symfony\\Component\\Console\\Input\\ArgvInput), Object(Symfony\\Component\\Console\\Output\\ConsoleOutput))
#40 /var/www/html/vendor/symfony/console/Application.php(195): Symfony\\Component\\Console\\Application->doRun(Object(Symfony\\Component\\Console\\Input\\ArgvInput), Object(Symfony\\Component\\Console\\Output\\ConsoleOutput))
#41 /var/www/html/vendor/laravel/framework/src/Illuminate/Foundation/Console/Kernel.php(198): Symfony\\Component\\Console\\Application->run(Object(Symfony\\Component\\Console\\Input\\ArgvInput), Object(Symfony\\Component\\Console\\Output\\ConsoleOutput))
#42 /var/www/html/vendor/laravel/framework/src/Illuminate/Foundation/Application.php(1235): Illuminate\\Foundation\\Console\\Kernel->handle(Object(Symfony\\Component\\Console\\Input\\ArgvInput), Object(Symfony\\Component\\Console\\Output\\ConsoleOutput))
#43 /var/www/html/artisan(13): Illuminate\\Foundation\\Application->handleCommand(Object(Symfony\\Component\\Console\\Input\\ArgvInput))
#44 {main}
"} 
